text,label
Pembayaran restoran sebesar Rp 48698 via UPI Ref 388389,food
Pembelian tiket kereta sebesar Rp 9244 via UPI Ref 872246,travel
Pembelian paket makan siang sebesar Rp 5797 via UPI Ref 719176,food
SIP reksa dana sebesar Rp 2052 via UPI Ref 198246,investment
Pembelian tiket kereta sebesar Rp 33218 via UPI Ref 731262,travel
Pembelian paket makan siang sebesar Rp 13131 via UPI Ref 850800,food
Belanja supermarket sebesar Rp 14546 via UPI Ref 571029,shopping
Pembelian di toko elektronik sebesar Rp 525 via UPI Ref 895667,shopping
Pemesanan hotel sebesar Rp 22398 via UPI Ref 391369,travel
Pembelian tiket kereta sebesar Rp 22159 via UPI Ref 207175,travel
Transaksi di restoran pizza sebesar Rp 6438 via UPI Ref 476417,food
Cicilan pinjaman pribadi sebesar Rp 17435 via UPI Ref 946335,loan
Makan malam di hotel sebesar Rp 35242 via UPI Ref 230889,food
SIP reksa dana sebesar Rp 36278 via UPI Ref 407419,investment
Transaksi belanja online sebesar Rp 37937 via UPI Ref 301629,shopping
Pembayaran restoran sebesar Rp 43436 via UPI Ref 338968,food
Potongan cicilan pinjaman sebesar Rp 15356 via UPI Ref 205907,loan
Pendanaan akun demat sebesar Rp 29814 via UPI Ref 766563,investment
Pembayaran cicilan kartu kredit sebesar Rp 24360 via UPI Ref 472528,loan
Pemesanan bus sebesar Rp 46094 via UPI Ref 816751,travel
Pengiriman makanan Zomato sebesar Rp 35105 via UPI Ref 864544,food
Pemesanan tiket pesawat sebesar Rp 30394 via UPI Ref 497887,travel
Potongan cicilan ponsel sebesar Rp 45199 via UPI Ref 684004,loan
Isi ulang metro sebesar Rp 3765 via UPI Ref 340174,travel
Pembayaran toko roti sebesar Rp 26390 via UPI Ref 380746,food
Tagihan kafe sebesar Rp 37270 via UPI Ref 852787,food
Pembayaran cicilan kartu kredit sebesar Rp 43054 via UPI Ref 623481,loan
Deposito berjangka sebesar Rp 30171 via UPI Ref 249811,investment
Pembayaran cicilan kartu kredit sebesar Rp 16262 via UPI Ref 881177,loan
Pembelian di toko elektronik sebesar Rp 49056 via UPI Ref 712982,shopping
Investasi obligasi emas sebesar Rp 26275 via UPI Ref 479580,investment
Pemesanan tiket pesawat sebesar Rp 33492 via UPI Ref 617488,travel
Pembayaran restoran sebesar Rp 7285 via UPI Ref 260265,food
Pemesanan hotel sebesar Rp 39186 via UPI Ref 166613,travel
Pembelian kripto sebesar Rp 39152 via UPI Ref 590785,investment
Pembelian di toko elektronik sebesar Rp 36356 via UPI Ref 112038,shopping
Pembelian paket makan siang sebesar Rp 49309 via UPI Ref 379786,food
Potongan cicilan pinjaman sebesar Rp 19334 via UPI Ref 555884,loan
Pembayaran agen perjalanan sebesar Rp 312 via UPI Ref 857168,travel
Cicilan pinjaman pribadi sebesar Rp 11808 via UPI Ref 632342,loan
Pembelian di toko kelontong sebesar Rp 41974 via UPI Ref 632323,food
Pembayaran toko pakaian sebesar Rp 10116 via UPI Ref 492077,shopping
Pembayaran pom bensin sebesar Rp 34857 via UPI Ref 100599,travel
Transaksi belanja online sebesar Rp 32121 via UPI Ref 120422,shopping
Pembayaran toko roti sebesar Rp 20253 via UPI Ref 351083,food
Tagihan kafe sebesar Rp 37282 via UPI Ref 182582,food
Makan malam di hotel sebesar Rp 4635 via UPI Ref 897549,food
Belanja di mal sebesar Rp 8514 via UPI Ref 791798,shopping
Investasi obligasi emas sebesar Rp 10921 via UPI Ref 377932,investment
Belanja supermarket sebesar Rp 13980 via UPI Ref 665492,shopping
Pemesanan bus sebesar Rp 26248 via UPI Ref 804314,travel
Cicilan mobil sebesar Rp 34019 via UPI Ref 573417,loan
Tagihan kafe sebesar Rp 14825 via UPI Ref 167136,food
Potongan cicilan pinjaman sebesar Rp 38655 via UPI Ref 680828,loan
Pembelian tiket kereta sebesar Rp 571 via UPI Ref 174441,travel
Tagihan kafe sebesar Rp 4517 via UPI Ref 132938,food
Potongan cicilan pinjaman sebesar Rp 33795 via UPI Ref 349565,loan
Potongan cicilan ponsel sebesar Rp 31912 via UPI Ref 324643,loan
Belanja di mal sebesar Rp 47505 via UPI Ref 698782,shopping
Tagihan toko mode sebesar Rp 16025 via UPI Ref 922733,shopping
Investasi premi asuransi sebesar Rp 26777 via UPI Ref 299659,investment
Pesanan Swiggy sebesar Rp 43287 via UPI Ref 551989,food
Cicilan mobil sebesar Rp 27041 via UPI Ref 589710,loan
Pesanan Swiggy sebesar Rp 4072 via UPI Ref 522179,food
Pembayaran cicilan peralatan elektronik sebesar Rp 7261 via UPI Ref 360735,loan
Pembelian tiket kereta sebesar Rp 35246 via UPI Ref 570405,travel
Pemesanan hotel sebesar Rp 12125 via UPI Ref 392075,travel
Investasi pasar saham sebesar Rp 5040 via UPI Ref 564656,investment
Pembelian Flipkart sebesar Rp 3415 via UPI Ref 783823,shopping
Pembayaran pesanan Amazon sebesar Rp 6212 via UPI Ref 890170,shopping
Pemesanan tiket pesawat sebesar Rp 26734 via UPI Ref 609231,travel
Investasi pasar saham sebesar Rp 26382 via UPI Ref 161483,investment
Pemesanan hotel sebesar Rp 241 via UPI Ref 509386,travel
Pembayaran cicilan peralatan elektronik sebesar Rp 29919 via UPI Ref 399105,loan
Deposito berjangka sebesar Rp 47974 via UPI Ref 921414,investment
Tagihan toko mode sebesar Rp 10244 via UPI Ref 299122,shopping
Pembayaran cicilan kartu kredit sebesar Rp 3932 via UPI Ref 707314,loan
Pembayaran pesanan Amazon sebesar Rp 49119 via UPI Ref 428838,shopping
Pembayaran restoran sebesar Rp 38384 via UPI Ref 599948,food
Belanja di mal sebesar Rp 3827 via UPI Ref 632496,shopping
Pengiriman makanan Zomato sebesar Rp 4590 via UPI Ref 723939,food
Tagihan kafe sebesar Rp 26561 via UPI Ref 225710,food
Pembayaran toko pakaian sebesar Rp 38040 via UPI Ref 723398,shopping
Pesanan Swiggy sebesar Rp 27574 via UPI Ref 789305,food
Transaksi belanja online sebesar Rp 17189 via UPI Ref 314181,shopping
Pembayaran cicilan kartu kredit sebesar Rp 17507 via UPI Ref 515011,loan
Pemesanan bus sebesar Rp 30064 via UPI Ref 431535,travel
Pembayaran restoran sebesar Rp 30134 via UPI Ref 751332,food
Pembelian Flipkart sebesar Rp 4901 via UPI Ref 663750,shopping
Pembayaran pom bensin sebesar Rp 17480 via UPI Ref 238890,travel
Potongan cicilan pinjaman sebesar Rp 16109 via UPI Ref 487477,loan
Pembayaran cicilan kartu kredit sebesar Rp 28816 via UPI Ref 974244,loan
Pembelian di toko elektronik sebesar Rp 40186 via UPI Ref 946305,shopping
Pembayaran pesanan Amazon sebesar Rp 43869 via UPI Ref 956795,shopping
Pembelian di toko elektronik sebesar Rp 43575 via UPI Ref 208618,shopping
Pemesanan bus sebesar Rp 7664 via UPI Ref 212235,travel
Belanja di mal sebesar Rp 17948 via UPI Ref 395442,shopping
Pembayaran toko pakaian sebesar Rp 47129 via UPI Ref 459536,shopping
Pemesanan bus sebesar Rp 33222 via UPI Ref 612262,travel
Pembayaran cicilan peralatan elektronik sebesar Rp 3429 via UPI Ref 196781,loan
Investasi premi asuransi sebesar Rp 18232 via UPI Ref 146228,investment
Pembayaran toko roti sebesar Rp 8673 via UPI Ref 768061,food
Pembayaran cicilan kartu kredit sebesar Rp 48677 via UPI Ref 563298,loan
Belanja supermarket sebesar Rp 36859 via UPI Ref 110139,shopping
Pesanan Swiggy sebesar Rp 45386 via UPI Ref 256294,food
Pembayaran pesanan Amazon sebesar Rp 24296 via UPI Ref 710805,shopping
Belanja di mal sebesar Rp 28266 via UPI Ref 233636,shopping
Pembelian di toko kelontong sebesar Rp 23997 via UPI Ref 934794,food
Pembayaran toko roti sebesar Rp 13867 via UPI Ref 815198,food
Pemesanan taksi Ola sebesar Rp 23278 via UPI Ref 918011,travel
Belanja supermarket sebesar Rp 40775 via UPI Ref 885884,shopping
Pembelian tiket kereta sebesar Rp 10749 via UPI Ref 938742,travel
Pemesanan hotel sebesar Rp 1724 via UPI Ref 288073,travel
Pembayaran cicilan peralatan elektronik sebesar Rp 27082 via UPI Ref 941204,loan
Pemesanan bus sebesar Rp 10533 via UPI Ref 925622,travel
Transaksi di restoran pizza sebesar Rp 2637 via UPI Ref 593554,food
Pembelian tiket kereta sebesar Rp 30266 via UPI Ref 466643,travel
Pembayaran cicilan peralatan elektronik sebesar Rp 15015 via UPI Ref 333752,loan
Tagihan kafe sebesar Rp 26213 via UPI Ref 444207,food
Pembayaran cicilan peralatan elektronik sebesar Rp 4649 via UPI Ref 910891,loan
Cicilan KPR sebesar Rp 42140 via UPI Ref 634150,loan
Deposito berjangka sebesar Rp 35241 via UPI Ref 447235,investment
Pesanan Swiggy sebesar Rp 17218 via UPI Ref 287241,food
Pembelian di toko elektronik sebesar Rp 2607 via UPI Ref 213668,shopping
Belanja supermarket sebesar Rp 22754 via UPI Ref 863934,shopping
Cicilan mobil sebesar Rp 39828 via UPI Ref 636265,loan
Transaksi di restoran pizza sebesar Rp 37887 via UPI Ref 299312,food
Potongan cicilan pinjaman sebesar Rp 46550 via UPI Ref 557239,loan
Pembelian paket makan siang sebesar Rp 35387 via UPI Ref 820221,food
Isi ulang metro sebesar Rp 28365 via UPI Ref 173372,travel
Cicilan pinjaman pribadi sebesar Rp 20672 via UPI Ref 795612,loan
Pembelian di toko kelontong sebesar Rp 33334 via UPI Ref 424308,food
Pendanaan akun demat sebesar Rp 26471 via UPI Ref 831076,investment
Cicilan pinjaman pribadi sebesar Rp 8441 via UPI Ref 301158,loan
Deposito berjangka sebesar Rp 24947 via UPI Ref 810219,investment
Pemesanan bus sebesar Rp 26712 via UPI Ref 674553,travel
Pembelian di toko kelontong sebesar Rp 18903 via UPI Ref 320392,food
Investasi premi asuransi sebesar Rp 38109 via UPI Ref 736130,investment
Cicilan mobil sebesar Rp 29052 via UPI Ref 563638,loan
Pembayaran pom bensin sebesar Rp 31110 via UPI Ref 932291,travel
Pemesanan taksi Ola sebesar Rp 18698 via UPI Ref 640490,travel
Transaksi belanja online sebesar Rp 6220 via UPI Ref 958179,shopping
Pemesanan bus sebesar Rp 14822 via UPI Ref 945742,travel
Pemesanan tiket pesawat sebesar Rp 1700 via UPI Ref 148458,travel
Pembayaran agen perjalanan sebesar Rp 40160 via UPI Ref 991014,travel
Makan malam di hotel sebesar Rp 27260 via UPI Ref 760356,food
Pembayaran toko pakaian sebesar Rp 47177 via UPI Ref 830180,shopping
Pembelian kripto sebesar Rp 26291 via UPI Ref 355836,investment
Pembayaran taksi Uber sebesar Rp 49315 via UPI Ref 907451,travel
Transaksi di restoran pizza sebesar Rp 14441 via UPI Ref 284430,food
Tagihan toko mode sebesar Rp 3391 via UPI Ref 684482,shopping
Pemesanan taksi Ola sebesar Rp 30014 via UPI Ref 239816,travel
Deposito berjangka sebesar Rp 34908 via UPI Ref 686075,investment
Transaksi belanja online sebesar Rp 49596 via UPI Ref 564071,shopping
Belanja supermarket sebesar Rp 36005 via UPI Ref 567574,shopping
Pembayaran agen perjalanan sebesar Rp 29595 via UPI Ref 371782,travel
Pemesanan bus sebesar Rp 34263 via UPI Ref 608136,travel
Pemesanan bus sebesar Rp 28927 via UPI Ref 181247,travel
Pembayaran cicilan kartu kredit sebesar Rp 17907 via UPI Ref 452161,loan
Cicilan pinjaman pribadi sebesar Rp 5380 via UPI Ref 245095,loan
Pembelian tiket kereta sebesar Rp 25202 via UPI Ref 827659,travel
Pembelian tiket kereta sebesar Rp 4309 via UPI Ref 535020,travel
Pendanaan akun demat sebesar Rp 35660 via UPI Ref 588557,investment
SIP reksa dana sebesar Rp 13655 via UPI Ref 973349,investment
Pembelian kripto sebesar Rp 38378 via UPI Ref 829308,investment
Transaksi di restoran pizza sebesar Rp 31359 via UPI Ref 106182,food
Cicilan KPR sebesar Rp 49479 via UPI Ref 508930,loan
Investasi obligasi emas sebesar Rp 49089 via UPI Ref 870319,investment
Pembayaran toko pakaian sebesar Rp 32096 via UPI Ref 330080,shopping
Cicilan mobil sebesar Rp 31927 via UPI Ref 130434,loan
Pendanaan akun demat sebesar Rp 43935 via UPI Ref 812131,investment
Deposito berjangka sebesar Rp 10916 via UPI Ref 981334,investment
Investasi pasar saham sebesar Rp 40880 via UPI Ref 660069,investment
Transaksi di restoran pizza sebesar Rp 38890 via UPI Ref 691807,food
Pesanan Swiggy sebesar Rp 42223 via UPI Ref 549433,food
Pembayaran agen perjalanan sebesar Rp 12009 via UPI Ref 152727,travel
Cicilan mobil sebesar Rp 21553 via UPI Ref 321941,loan
Pendanaan akun demat sebesar Rp 22218 via UPI Ref 898207,investment
Pendanaan akun demat sebesar Rp 49383 via UPI Ref 972335,investment
Pendanaan akun demat sebesar Rp 5467 via UPI Ref 593152,investment
Pembelian paket makan siang sebesar Rp 3513 via UPI Ref 466960,food
Pemesanan taksi Ola sebesar Rp 42813 via UPI Ref 142213,travel
Tagihan kafe sebesar Rp 13165 via UPI Ref 979995,food
Pengiriman makanan Zomato sebesar Rp 15733 via UPI Ref 232352,food
Deposito berjangka sebesar Rp 7596 via UPI Ref 691364,investment
Pembayaran agen perjalanan sebesar Rp 45940 via UPI Ref 368690,travel
Pembayaran cicilan kartu kredit sebesar Rp 39807 via UPI Ref 736745,loan
Pengiriman makanan Zomato sebesar Rp 20484 via UPI Ref 213349,food
Pembayaran pesanan Amazon sebesar Rp 20544 via UPI Ref 703766,shopping
Pembelian kripto sebesar Rp 46959 via UPI Ref 307963,investment
Tagihan kafe sebesar Rp 6778 via UPI Ref 831059,food
Pembayaran cicilan peralatan elektronik sebesar Rp 44943 via UPI Ref 729577,loan
Pembayaran restoran sebesar Rp 22854 via UPI Ref 658623,food
Deposito berjangka sebesar Rp 24385 via UPI Ref 172306,investment
Transaksi belanja online sebesar Rp 929 via UPI Ref 990844,shopping
Investasi premi asuransi sebesar Rp 32225 via UPI Ref 210665,investment
Pendanaan akun demat sebesar Rp 41753 via UPI Ref 968962,investment
Deposito berjangka sebesar Rp 10126 via UPI Ref 556641,investment
Pembayaran pom bensin sebesar Rp 42728 via UPI Ref 383201,travel
Tagihan toko mode sebesar Rp 30565 via UPI Ref 556732,shopping
Pembelian di toko elektronik sebesar Rp 21222 via UPI Ref 993085,shopping
Pemesanan taksi Ola sebesar Rp 18379 via UPI Ref 572700,travel
Pembayaran agen perjalanan sebesar Rp 37445 via UPI Ref 739979,travel
Pendanaan akun demat sebesar Rp 1980 via UPI Ref 618317,investment
Pembayaran cicilan kartu kredit sebesar Rp 32052 via UPI Ref 322423,loan
Pembayaran cicilan peralatan elektronik sebesar Rp 17031 via UPI Ref 456871,loan
Cicilan pinjaman pribadi sebesar Rp 46052 via UPI Ref 389688,loan
Pembayaran pesanan Amazon sebesar Rp 33957 via UPI Ref 300337,shopping
Tagihan kafe sebesar Rp 47290 via UPI Ref 526170,food
Investasi obligasi emas sebesar Rp 49787 via UPI Ref 351997,investment
Deposito berjangka sebesar Rp 46751 via UPI Ref 614663,investment
Investasi premi asuransi sebesar Rp 1230 via UPI Ref 197573,investment
Pembayaran cicilan kartu kredit sebesar Rp 26602 via UPI Ref 825391,loan
Pemesanan bus sebesar Rp 43613 via UPI Ref 709805,travel
Cicilan mobil sebesar Rp 36372 via UPI Ref 656711,loan
Cicilan mobil sebesar Rp 48985 via UPI Ref 677124,loan
Cicilan KPR sebesar Rp 46162 via UPI Ref 575786,loan
Cicilan KPR sebesar Rp 16575 via UPI Ref 341736,loan
Tagihan kafe sebesar Rp 20779 via UPI Ref 225362,food
Belanja di mal sebesar Rp 12652 via UPI Ref 326895,shopping
Pendanaan akun demat sebesar Rp 47586 via UPI Ref 718226,investment
Pembelian di toko elektronik sebesar Rp 6688 via UPI Ref 973074,shopping
Pemesanan bus sebesar Rp 15008 via UPI Ref 478411,travel
Pemesanan bus sebesar Rp 1027 via UPI Ref 842411,travel
Belanja di mal sebesar Rp 18077 via UPI Ref 147726,shopping
Pembelian paket makan siang sebesar Rp 19245 via UPI Ref 831295,food
Pembayaran agen perjalanan sebesar Rp 6823 via UPI Ref 112861,travel
Pembelian di toko elektronik sebesar Rp 30862 via UPI Ref 601968,shopping
Pendanaan akun demat sebesar Rp 12182 via UPI Ref 153872,investment
Pembayaran cicilan peralatan elektronik sebesar Rp 31408 via UPI Ref 219629,loan
Transaksi di restoran pizza sebesar Rp 32327 via UPI Ref 177680,food
Pembayaran pesanan Amazon sebesar Rp 10043 via UPI Ref 256445,shopping
Pembelian di toko elektronik sebesar Rp 5682 via UPI Ref 360247,shopping
Pembelian paket makan siang sebesar Rp 27374 via UPI Ref 735770,food
Pembayaran toko pakaian sebesar Rp 34347 via UPI Ref 498855,shopping
Pembelian kripto sebesar Rp 19587 via UPI Ref 717113,investment
Pendanaan akun demat sebesar Rp 37365 via UPI Ref 751194,investment
Pesanan Swiggy sebesar Rp 13717 via UPI Ref 755900,food
Pemesanan bus sebesar Rp 43381 via UPI Ref 185131,travel
Pembelian tiket kereta sebesar Rp 11491 via UPI Ref 678805,travel
Pengiriman makanan Zomato sebesar Rp 275 via UPI Ref 528361,food
Deposito berjangka sebesar Rp 39016 via UPI Ref 592738,investment
Potongan cicilan pinjaman sebesar Rp 15270 via UPI Ref 402099,loan
Potongan cicilan ponsel sebesar Rp 29855 via UPI Ref 174637,loan
Pemesanan bus sebesar Rp 41063 via UPI Ref 718439,travel
Pemesanan hotel sebesar Rp 7621 via UPI Ref 671015,travel
Pemesanan tiket pesawat sebesar Rp 17508 via UPI Ref 966785,travel
Pemesanan taksi Ola sebesar Rp 4008 via UPI Ref 273982,travel
Cicilan pinjaman pribadi sebesar Rp 49183 via UPI Ref 964278,loan
Pembelian di toko elektronik sebesar Rp 28880 via UPI Ref 230394,shopping
Deposito berjangka sebesar Rp 20028 via UPI Ref 833723,investment
Pendanaan akun demat sebesar Rp 32898 via UPI Ref 666211,investment
Pembelian kripto sebesar Rp 5371 via UPI Ref 727086,investment
Transaksi di restoran pizza sebesar Rp 48238 via UPI Ref 437978,food
Pembelian di toko elektronik sebesar Rp 1795 via UPI Ref 195763,shopping
Pembayaran taksi Uber sebesar Rp 44158 via UPI Ref 961322,travel
Cicilan pinjaman pribadi sebesar Rp 2736 via UPI Ref 900177,loan
Pembayaran agen perjalanan sebesar Rp 34110 via UPI Ref 783157,travel
Pendanaan akun demat sebesar Rp 11994 via UPI Ref 713762,investment
Deposito berjangka sebesar Rp 32325 via UPI Ref 195674,investment
Pendanaan akun demat sebesar Rp 26861 via UPI Ref 449499,investment
Potongan cicilan ponsel sebesar Rp 6955 via UPI Ref 999398,loan
Isi ulang metro sebesar Rp 27077 via UPI Ref 827369,travel
Pendanaan akun demat sebesar Rp 43523 via UPI Ref 519904,investment
Pembayaran pesanan Amazon sebesar Rp 29907 via UPI Ref 192337,shopping
Cicilan KPR sebesar Rp 21286 via UPI Ref 221552,loan
Investasi premi asuransi sebesar Rp 33824 via UPI Ref 964998,investment
Pembelian paket makan siang sebesar Rp 30376 via UPI Ref 533321,food
Tagihan kafe sebesar Rp 34076 via UPI Ref 479353,food
Tagihan toko mode sebesar Rp 41086 via UPI Ref 563513,shopping
Tagihan kafe sebesar Rp 17601 via UPI Ref 675898,food
Pemesanan bus sebesar Rp 28812 via UPI Ref 832168,travel
SIP reksa dana sebesar Rp 1991 via UPI Ref 760626,investment
Pembayaran toko pakaian sebesar Rp 46616 via UPI Ref 266071,shopping
Cicilan pinjaman pribadi sebesar Rp 996 via UPI Ref 679077,loan
SIP reksa dana sebesar Rp 14825 via UPI Ref 982277,investment
Makan malam di hotel sebesar Rp 7798 via UPI Ref 779172,food
Pembayaran agen perjalanan sebesar Rp 47063 via UPI Ref 406039,travel
Pembelian di toko elektronik sebesar Rp 27329 via UPI Ref 975271,shopping
Pembelian kripto sebesar Rp 16073 via UPI Ref 578975,investment
Belanja di mal sebesar Rp 25238 via UPI Ref 299869,shopping
Belanja di mal sebesar Rp 4675 via UPI Ref 389666,shopping
Pendanaan akun demat sebesar Rp 33375 via UPI Ref 380150,investment
Pembelian di toko kelontong sebesar Rp 47682 via UPI Ref 413058,food
Tagihan toko mode sebesar Rp 9838 via UPI Ref 568238,shopping
Tagihan toko mode sebesar Rp 22718 via UPI Ref 448588,shopping
Belanja supermarket sebesar Rp 29941 via UPI Ref 437408,shopping
Pembelian tiket kereta sebesar Rp 37573 via UPI Ref 501574,travel
Pemesanan hotel sebesar Rp 2960 via UPI Ref 433632,travel
Deposito berjangka sebesar Rp 25084 via UPI Ref 504832,investment
Pembayaran agen perjalanan sebesar Rp 2526 via UPI Ref 232378,travel
Transaksi belanja online sebesar Rp 6677 via UPI Ref 986088,shopping
SIP reksa dana sebesar Rp 34568 via UPI Ref 579123,investment
Pengiriman makanan Zomato sebesar Rp 26968 via UPI Ref 786587,food
Pemesanan taksi Ola sebesar Rp 30868 via UPI Ref 919488,travel
Cicilan KPR sebesar Rp 40945 via UPI Ref 826353,loan
Deposito berjangka sebesar Rp 5363 via UPI Ref 993140,investment
Pembayaran cicilan peralatan elektronik sebesar Rp 44294 via UPI Ref 659543,loan
Pendanaan akun demat sebesar Rp 41177 via UPI Ref 853629,investment
Investasi premi asuransi sebesar Rp 35556 via UPI Ref 137642,investment
Pembelian Flipkart sebesar Rp 15485 via UPI Ref 761820,shopping
Pembayaran cicilan kartu kredit sebesar Rp 49040 via UPI Ref 194769,loan
SIP reksa dana sebesar Rp 49931 via UPI Ref 764532,investment
Makan malam di hotel sebesar Rp 11002 via UPI Ref 827712,food
Potongan cicilan pinjaman sebesar Rp 3114 via UPI Ref 440131,loan
Pembelian di toko kelontong sebesar Rp 23592 via UPI Ref 493049,food
Investasi pasar saham sebesar Rp 16103 via UPI Ref 656968,investment
Investasi obligasi emas sebesar Rp 44782 via UPI Ref 931016,investment
Pemesanan tiket pesawat sebesar Rp 11573 via UPI Ref 182804,travel
Belanja supermarket sebesar Rp 40713 via UPI Ref 816318,shopping
Pembayaran agen perjalanan sebesar Rp 38317 via UPI Ref 250069,travel
Pembayaran agen perjalanan sebesar Rp 41905 via UPI Ref 366314,travel
Pendanaan akun demat sebesar Rp 43802 via UPI Ref 109853,investment
Pendanaan akun demat sebesar Rp 44507 via UPI Ref 673149,investment
Pemesanan taksi Ola sebesar Rp 29049 via UPI Ref 462351,travel
Pembelian di toko elektronik sebesar Rp 41973 via UPI Ref 544920,shopping
Cicilan mobil sebesar Rp 19899 via UPI Ref 308894,loan
Investasi premi asuransi sebesar Rp 31767 via UPI Ref 211834,investment
Pemesanan hotel sebesar Rp 37581 via UPI Ref 476395,travel
Pembelian di toko elektronik sebesar Rp 45927 via UPI Ref 409571,shopping
Transaksi di restoran pizza sebesar Rp 18088 via UPI Ref 108491,food
Pembayaran pesanan Amazon sebesar Rp 39841 via UPI Ref 881369,shopping
Investasi premi asuransi sebesar Rp 18856 via UPI Ref 913423,investment
Isi ulang metro sebesar Rp 14452 via UPI Ref 767542,travel
Pemesanan bus sebesar Rp 44517 via UPI Ref 892280,travel
Pemesanan taksi Ola sebesar Rp 41221 via UPI Ref 777737,travel
Pembelian di toko kelontong sebesar Rp 28989 via UPI Ref 134985,food
Transaksi belanja online sebesar Rp 48095 via UPI Ref 237795,shopping
Pembelian di toko kelontong sebesar Rp 21511 via UPI Ref 883790,food
Investasi pasar saham sebesar Rp 13259 via UPI Ref 238579,investment
Transaksi belanja online sebesar Rp 34889 via UPI Ref 626169,shopping
Pembayaran cicilan peralatan elektronik sebesar Rp 10883 via UPI Ref 369452,loan
Investasi premi asuransi sebesar Rp 19442 via UPI Ref 882824,investment
Pembayaran cicilan peralatan elektronik sebesar Rp 7647 via UPI Ref 591081,loan
Pengiriman makanan Zomato sebesar Rp 49524 via UPI Ref 336574,food
Investasi premi asuransi sebesar Rp 36624 via UPI Ref 483542,investment
Transaksi di restoran pizza sebesar Rp 1012 via UPI Ref 377304,food
Pembelian Flipkart sebesar Rp 29904 via UPI Ref 486490,shopping
Cicilan pinjaman pribadi sebesar Rp 25070 via UPI Ref 962367,loan
Potongan cicilan pinjaman sebesar Rp 44326 via UPI Ref 345180,loan
SIP reksa dana sebesar Rp 40702 via UPI Ref 688678,investment
Cicilan pinjaman pribadi sebesar Rp 14607 via UPI Ref 779112,loan
Makan malam di hotel sebesar Rp 46045 via UPI Ref 416869,food
SIP reksa dana sebesar Rp 9260 via UPI Ref 147549,investment
Pembelian di toko kelontong sebesar Rp 32384 via UPI Ref 221761,food
Tagihan kafe sebesar Rp 35328 via UPI Ref 242254,food
Pembelian kripto sebesar Rp 24414 via UPI Ref 803055,investment
Belanja supermarket sebesar Rp 38591 via UPI Ref 878325,shopping
Pemesanan hotel sebesar Rp 43020 via UPI Ref 203831,travel
Investasi obligasi emas sebesar Rp 26846 via UPI Ref 393328,investment
Pembayaran toko roti sebesar Rp 14338 via UPI Ref 564920,food
Investasi pasar saham sebesar Rp 23868 via UPI Ref 204180,investment
Cicilan pinjaman pribadi sebesar Rp 42359 via UPI Ref 476096,loan
Transaksi di restoran pizza sebesar Rp 18180 via UPI Ref 299028,food
Makan malam di hotel sebesar Rp 6107 via UPI Ref 794963,food
Pembayaran taksi Uber sebesar Rp 3414 via UPI Ref 925013,travel
Makan malam di hotel sebesar Rp 38122 via UPI Ref 323781,food
Pembelian di toko elektronik sebesar Rp 7693 via UPI Ref 996777,shopping
Pemesanan hotel sebesar Rp 36849 via UPI Ref 860973,travel
Pembayaran cicilan kartu kredit sebesar Rp 35821 via UPI Ref 787973,loan
Pembayaran taksi Uber sebesar Rp 44997 via UPI Ref 550363,travel
Pembayaran toko roti sebesar Rp 42491 via UPI Ref 357526,food
SIP reksa dana sebesar Rp 6618 via UPI Ref 236186,investment
Pembayaran cicilan kartu kredit sebesar Rp 43187 via UPI Ref 406516,loan
Cicilan mobil sebesar Rp 10707 via UPI Ref 547164,loan
Pemesanan tiket pesawat sebesar Rp 23786 via UPI Ref 202345,travel
Cicilan KPR sebesar Rp 35641 via UPI Ref 825150,loan
Pembelian Flipkart sebesar Rp 5095 via UPI Ref 263125,shopping
Pembayaran restoran sebesar Rp 15799 via UPI Ref 169187,food
Pembayaran cicilan kartu kredit sebesar Rp 7529 via UPI Ref 902056,loan
Pendanaan akun demat sebesar Rp 8058 via UPI Ref 624773,investment
Tagihan toko mode sebesar Rp 33574 via UPI Ref 228028,shopping
Deposito berjangka sebesar Rp 40363 via UPI Ref 391819,investment
Pembayaran toko roti sebesar Rp 6131 via UPI Ref 470399,food
Pemesanan hotel sebesar Rp 12505 via UPI Ref 671793,travel
Potongan cicilan ponsel sebesar Rp 1294 via UPI Ref 750475,loan
Pesanan Swiggy sebesar Rp 10735 via UPI Ref 252895,food
Pembayaran cicilan kartu kredit sebesar Rp 34315 via UPI Ref 954817,loan
Pembayaran toko pakaian sebesar Rp 31471 via UPI Ref 894101,shopping
Potongan cicilan pinjaman sebesar Rp 22394 via UPI Ref 994966,loan
Investasi premi asuransi sebesar Rp 49694 via UPI Ref 553405,investment
Pembelian paket makan siang sebesar Rp 26475 via UPI Ref 322675,food
Pembelian tiket kereta sebesar Rp 40802 via UPI Ref 768455,travel
Investasi premi asuransi sebesar Rp 38527 via UPI Ref 884056,investment
Tagihan kafe sebesar Rp 43158 via UPI Ref 918691,food
Investasi obligasi emas sebesar Rp 30105 via UPI Ref 506087,investment
Potongan cicilan ponsel sebesar Rp 24274 via UPI Ref 308785,loan
Pembayaran restoran sebesar Rp 29781 via UPI Ref 297216,food
Pembayaran toko roti sebesar Rp 1222 via UPI Ref 796862,food
Potongan cicilan ponsel sebesar Rp 22298 via UPI Ref 535718,loan
Pembayaran toko roti sebesar Rp 30474 via UPI Ref 189365,food
Pemesanan taksi Ola sebesar Rp 39070 via UPI Ref 645798,travel
Pembelian Flipkart sebesar Rp 38955 via UPI Ref 242365,shopping
Pembelian kripto sebesar Rp 36379 via UPI Ref 678399,investment
Potongan cicilan pinjaman sebesar Rp 41056 via UPI Ref 950216,loan
Pembayaran toko roti sebesar Rp 16224 via UPI Ref 427216,food
Belanja supermarket sebesar Rp 19331 via UPI Ref 140830,shopping
Pembayaran restoran sebesar Rp 19774 via UPI Ref 797118,food
Pemesanan bus sebesar Rp 24976 via UPI Ref 260470,travel
Cicilan KPR sebesar Rp 27102 via UPI Ref 178011,loan
Transaksi belanja online sebesar Rp 5022 via UPI Ref 622491,shopping
Potongan cicilan ponsel sebesar Rp 19749 via UPI Ref 526635,loan
Pembayaran restoran sebesar Rp 18787 via UPI Ref 443674,food
Pemesanan taksi Ola sebesar Rp 9106 via UPI Ref 650454,travel
Pembelian Flipkart sebesar Rp 23858 via UPI Ref 218881,shopping
Pembelian di toko kelontong sebesar Rp 21974 via UPI Ref 433774,food
Pengiriman makanan Zomato sebesar Rp 37875 via UPI Ref 322623,food
Pembelian Flipkart sebesar Rp 15272 via UPI Ref 151462,shopping
Cicilan KPR sebesar Rp 49948 via UPI Ref 676935,loan
Pembelian Flipkart sebesar Rp 46814 via UPI Ref 675601,shopping
Pembelian di toko elektronik sebesar Rp 36299 via UPI Ref 789857,shopping
Potongan cicilan pinjaman sebesar Rp 26553 via UPI Ref 888845,loan
Pembelian di toko kelontong sebesar Rp 27636 via UPI Ref 197483,food
Cicilan KPR sebesar Rp 48668 via UPI Ref 154582,loan
Pemesanan taksi Ola sebesar Rp 6281 via UPI Ref 716881,travel
Pesanan Swiggy sebesar Rp 31359 via UPI Ref 144590,food
Investasi premi asuransi sebesar Rp 23766 via UPI Ref 525709,investment
Pembelian Flipkart sebesar Rp 17420 via UPI Ref 266521,shopping
Pembayaran toko pakaian sebesar Rp 5474 via UPI Ref 450290,shopping
Pemesanan tiket pesawat sebesar Rp 42599 via UPI Ref 696655,travel
Pembayaran restoran sebesar Rp 30922 via UPI Ref 329027,food
Pemesanan tiket pesawat sebesar Rp 48456 via UPI Ref 962113,travel
Pembayaran toko pakaian sebesar Rp 26832 via UPI Ref 105543,shopping
Pembelian di toko elektronik sebesar Rp 37894 via UPI Ref 933262,shopping
Pembayaran agen perjalanan sebesar Rp 35985 via UPI Ref 349468,travel
Transaksi di restoran pizza sebesar Rp 13928 via UPI Ref 743047,food
Investasi pasar saham sebesar Rp 34688 via UPI Ref 406924,investment
Pembayaran cicilan kartu kredit sebesar Rp 26610 via UPI Ref 719467,loan
Investasi obligasi emas sebesar Rp 18952 via UPI Ref 382444,investment
Pemesanan taksi Ola sebesar Rp 46427 via UPI Ref 540636,travel
Potongan cicilan ponsel sebesar Rp 39766 via UPI Ref 621852,loan
Pesanan Swiggy sebesar Rp 26677 via UPI Ref 719433,food
Pemesanan bus sebesar Rp 45405 via UPI Ref 234418,travel
Belanja di mal sebesar Rp 42096 via UPI Ref 708388,shopping
Tagihan kafe sebesar Rp 8780 via UPI Ref 845609,food
Tagihan kafe sebesar Rp 16483 via UPI Ref 881063,food
Pesanan Swiggy sebesar Rp 44931 via UPI Ref 513892,food
Pembelian tiket kereta sebesar Rp 18223 via UPI Ref 218083,travel
Pembayaran pesanan Amazon sebesar Rp 42819 via UPI Ref 320415,shopping
Pembayaran restoran sebesar Rp 27189 via UPI Ref 212149,food
Pembayaran cicilan kartu kredit sebesar Rp 29399 via UPI Ref 251397,loan
Pemesanan taksi Ola sebesar Rp 24266 via UPI Ref 440904,travel
Pembelian kripto sebesar Rp 43322 via UPI Ref 644070,investment
Cicilan mobil sebesar Rp 43558 via UPI Ref 311339,loan
Pembelian tiket kereta sebesar Rp 25607 via UPI Ref 470334,travel
Pembelian tiket kereta sebesar Rp 32206 via UPI Ref 612662,travel
Cicilan mobil sebesar Rp 3306 via UPI Ref 364357,loan
Transaksi di restoran pizza sebesar Rp 30481 via UPI Ref 266309,food
Pembayaran restoran sebesar Rp 49142 via UPI Ref 581031,food
Pembelian di toko elektronik sebesar Rp 13458 via UPI Ref 533485,shopping
Pembelian di toko kelontong sebesar Rp 9320 via UPI Ref 397214,food
Pembayaran cicilan kartu kredit sebesar Rp 28028 via UPI Ref 906411,loan
Makan malam di hotel sebesar Rp 34807 via UPI Ref 168466,food
Tagihan toko mode sebesar Rp 22896 via UPI Ref 417923,shopping
Pembayaran agen perjalanan sebesar Rp 13267 via UPI Ref 821872,travel
Pembayaran cicilan peralatan elektronik sebesar Rp 31349 via UPI Ref 509568,loan
Pembayaran cicilan kartu kredit sebesar Rp 31580 via UPI Ref 331279,loan
Investasi pasar saham sebesar Rp 1223 via UPI Ref 918946,investment
Pembayaran agen perjalanan sebesar Rp 25303 via UPI Ref 329504,travel
Belanja di mal sebesar Rp 7297 via UPI Ref 380678,shopping
Cicilan pinjaman pribadi sebesar Rp 16799 via UPI Ref 823420,loan
Pembelian di toko kelontong sebesar Rp 43241 via UPI Ref 641569,food
Potongan cicilan ponsel sebesar Rp 26557 via UPI Ref 121285,loan
Pesanan Swiggy sebesar Rp 15908 via UPI Ref 396551,food
Pembayaran cicilan peralatan elektronik sebesar Rp 16110 via UPI Ref 894544,loan
Belanja di mal sebesar Rp 41225 via UPI Ref 621180,shopping
Pembayaran pesanan Amazon sebesar Rp 9871 via UPI Ref 120520,shopping
Pembayaran cicilan peralatan elektronik sebesar Rp 45296 via UPI Ref 907074,loan
Belanja supermarket sebesar Rp 37321 via UPI Ref 457875,shopping
Makan malam di hotel sebesar Rp 12775 via UPI Ref 296473,food
Pembelian di toko kelontong sebesar Rp 47343 via UPI Ref 901282,food
Pendanaan akun demat sebesar Rp 45714 via UPI Ref 943677,investment
Cicilan pinjaman pribadi sebesar Rp 13172 via UPI Ref 759393,loan
Deposito berjangka sebesar Rp 39524 via UPI Ref 692671,investment
Transaksi belanja online sebesar Rp 6397 via UPI Ref 498376,shopping
Investasi obligasi emas sebesar Rp 12962 via UPI Ref 356779,investment
Potongan cicilan pinjaman sebesar Rp 22129 via UPI Ref 474216,loan
Investasi premi asuransi sebesar Rp 15905 via UPI Ref 658352,investment
Cicilan mobil sebesar Rp 15014 via UPI Ref 551750,loan
Pembayaran pesanan Amazon sebesar Rp 45302 via UPI Ref 179973,shopping
Pengiriman makanan Zomato sebesar Rp 15258 via UPI Ref 530687,food
Tagihan kafe sebesar Rp 30710 via UPI Ref 532390,food
Pembelian Flipkart sebesar Rp 6824 via UPI Ref 814039,shopping
Tagihan toko mode sebesar Rp 47183 via UPI Ref 242314,shopping
Pembelian tiket kereta sebesar Rp 14417 via UPI Ref 488892,travel
Pembayaran restoran sebesar Rp 16907 via UPI Ref 112266,food
Belanja supermarket sebesar Rp 7982 via UPI Ref 394032,shopping
Tagihan toko mode sebesar Rp 13802 via UPI Ref 198023,shopping
Pembayaran cicilan kartu kredit sebesar Rp 40193 via UPI Ref 224548,loan
Pembelian di toko kelontong sebesar Rp 39311 via UPI Ref 662971,food
Pembayaran taksi Uber sebesar Rp 31295 via UPI Ref 822465,travel
Cicilan pinjaman pribadi sebesar Rp 11046 via UPI Ref 789225,loan
Makan malam di hotel sebesar Rp 14279 via UPI Ref 934375,food
Pendanaan akun demat sebesar Rp 6659 via UPI Ref 193019,investment
Pembayaran toko pakaian sebesar Rp 37827 via UPI Ref 391158,shopping
Transaksi di restoran pizza sebesar Rp 45737 via UPI Ref 465909,food
Pembayaran cicilan peralatan elektronik sebesar Rp 29745 via UPI Ref 683309,loan
Pembayaran taksi Uber sebesar Rp 48524 via UPI Ref 202247,travel
Pembayaran pesanan Amazon sebesar Rp 43832 via UPI Ref 388628,shopping
Pemesanan tiket pesawat sebesar Rp 10386 via UPI Ref 345597,travel
Pengiriman makanan Zomato sebesar Rp 12935 via UPI Ref 967463,food
Pembelian tiket kereta sebesar Rp 8791 via UPI Ref 409329,travel
SIP reksa dana sebesar Rp 43462 via UPI Ref 571300,investment
Pemesanan tiket pesawat sebesar Rp 2163 via UPI Ref 223602,travel
Isi ulang metro sebesar Rp 41199 via UPI Ref 893341,travel
Pembayaran cicilan peralatan elektronik sebesar Rp 45107 via UPI Ref 552798,loan
Pemesanan taksi Ola sebesar Rp 10524 via UPI Ref 596741,travel
SIP reksa dana sebesar Rp 11331 via UPI Ref 492729,investment
Pembelian paket makan siang sebesar Rp 11575 via UPI Ref 817686,food
SIP reksa dana sebesar Rp 5659 via UPI Ref 901549,investment
Pembelian tiket kereta sebesar Rp 4898 via UPI Ref 261207,travel
SIP reksa dana sebesar Rp 28583 via UPI Ref 340393,investment
Pemesanan bus sebesar Rp 46872 via UPI Ref 645534,travel
Transaksi belanja online sebesar Rp 29791 via UPI Ref 265042,shopping
Pembayaran toko pakaian sebesar Rp 29529 via UPI Ref 545525,shopping
Pembayaran agen perjalanan sebesar Rp 18396 via UPI Ref 431067,travel
Cicilan pinjaman pribadi sebesar Rp 14134 via UPI Ref 869040,loan
Tagihan kafe sebesar Rp 26695 via UPI Ref 409890,food
Investasi premi asuransi sebesar Rp 35191 via UPI Ref 587449,investment
Pesanan Swiggy sebesar Rp 45615 via UPI Ref 232937,food
Tagihan kafe sebesar Rp 48400 via UPI Ref 834285,food
Pembelian Flipkart sebesar Rp 36804 via UPI Ref 602605,shopping
Deposito berjangka sebesar Rp 38154 via UPI Ref 847056,investment
Pembayaran taksi Uber sebesar Rp 34044 via UPI Ref 288526,travel
Pembayaran toko pakaian sebesar Rp 8385 via UPI Ref 352164,shopping
Pembelian paket makan siang sebesar Rp 39873 via UPI Ref 670079,food
Tagihan kafe sebesar Rp 35424 via UPI Ref 679104,food
Pembayaran toko roti sebesar Rp 34511 via UPI Ref 663679,food
Pembelian di toko kelontong sebesar Rp 17214 via UPI Ref 448206,food
Belanja di mal sebesar Rp 11785 via UPI Ref 146156,shopping
Pembelian kripto sebesar Rp 13554 via UPI Ref 246499,investment
Pemesanan taksi Ola sebesar Rp 34044 via UPI Ref 255002,travel
Tagihan toko mode sebesar Rp 4781 via UPI Ref 542627,shopping
Pembelian Flipkart sebesar Rp 48448 via UPI Ref 897064,shopping
Cicilan mobil sebesar Rp 10889 via UPI Ref 814435,loan
Pembayaran cicilan peralatan elektronik sebesar Rp 22230 via UPI Ref 131415,loan
Pembayaran restoran sebesar Rp 1890 via UPI Ref 912965,food
Pembayaran restoran sebesar Rp 5581 via UPI Ref 438162,food
Pemesanan taksi Ola sebesar Rp 5515 via UPI Ref 821374,travel
Pembayaran agen perjalanan sebesar Rp 6539 via UPI Ref 560302,travel
Transaksi belanja online sebesar Rp 3851 via UPI Ref 925717,shopping
Pembayaran pesanan Amazon sebesar Rp 47235 via UPI Ref 257050,shopping
Cicilan KPR sebesar Rp 24941 via UPI Ref 804830,loan
Pembelian paket makan siang sebesar Rp 42410 via UPI Ref 403942,food
Cicilan KPR sebesar Rp 10538 via UPI Ref 189171,loan
Belanja di mal sebesar Rp 39444 via UPI Ref 800599,shopping
Tagihan toko mode sebesar Rp 18920 via UPI Ref 614996,shopping
Pembelian Flipkart sebesar Rp 9968 via UPI Ref 284260,shopping
Cicilan pinjaman pribadi sebesar Rp 40840 via UPI Ref 926602,loan
Pembayaran toko roti sebesar Rp 24967 via UPI Ref 591650,food
Pembelian paket makan siang sebesar Rp 28587 via UPI Ref 590012,food
Pembayaran restoran sebesar Rp 39369 via UPI Ref 151226,food
Pembelian di toko kelontong sebesar Rp 16196 via UPI Ref 496252,food
Potongan cicilan ponsel sebesar Rp 22479 via UPI Ref 192996,loan
Potongan cicilan ponsel sebesar Rp 33909 via UPI Ref 388441,loan
Belanja di mal sebesar Rp 26654 via UPI Ref 496069,shopping
Pembelian Flipkart sebesar Rp 15553 via UPI Ref 533032,shopping
Pemesanan bus sebesar Rp 33633 via UPI Ref 338912,travel
Cicilan KPR sebesar Rp 43440 via UPI Ref 151378,loan
Cicilan KPR sebesar Rp 11256 via UPI Ref 923278,loan
Belanja supermarket sebesar Rp 47915 via UPI Ref 143907,shopping
Pembayaran pesanan Amazon sebesar Rp 41061 via UPI Ref 592588,shopping
Transaksi di restoran pizza sebesar Rp 13726 via UPI Ref 352067,food
Investasi obligasi emas sebesar Rp 40352 via UPI Ref 685380,investment
Investasi obligasi emas sebesar Rp 23370 via UPI Ref 924729,investment
Pembelian paket makan siang sebesar Rp 12208 via UPI Ref 231875,food
Pembayaran restoran sebesar Rp 17651 via UPI Ref 940951,food
Pesanan Swiggy sebesar Rp 25768 via UPI Ref 365095,food
Pembelian Flipkart sebesar Rp 36524 via UPI Ref 655000,shopping
Pembelian di toko kelontong sebesar Rp 41097 via UPI Ref 868905,food
Pembayaran cicilan peralatan elektronik sebesar Rp 42290 via UPI Ref 286064,loan
Tagihan toko mode sebesar Rp 32766 via UPI Ref 361111,shopping
Pembayaran toko pakaian sebesar Rp 24878 via UPI Ref 853067,shopping
Pembayaran pom bensin sebesar Rp 42550 via UPI Ref 167282,travel
Pendanaan akun demat sebesar Rp 15974 via UPI Ref 262383,investment
Pengiriman makanan Zomato sebesar Rp 45755 via UPI Ref 519517,food
Pembelian di toko elektronik sebesar Rp 47678 via UPI Ref 279171,shopping
Pembelian di toko elektronik sebesar Rp 26815 via UPI Ref 412042,shopping
Pembayaran taksi Uber sebesar Rp 16006 via UPI Ref 540191,travel
Isi ulang metro sebesar Rp 47433 via UPI Ref 860457,travel
Belanja supermarket sebesar Rp 14116 via UPI Ref 209149,shopping
Pembayaran cicilan peralatan elektronik sebesar Rp 16605 via UPI Ref 186159,loan
Investasi premi asuransi sebesar Rp 2772 via UPI Ref 961968,investment
Pendanaan akun demat sebesar Rp 41494 via UPI Ref 508819,investment
Isi ulang metro sebesar Rp 49271 via UPI Ref 491816,travel
Pembayaran cicilan peralatan elektronik sebesar Rp 2873 via UPI Ref 295652,loan
Investasi premi asuransi sebesar Rp 15112 via UPI Ref 856153,investment
Cicilan KPR sebesar Rp 35716 via UPI Ref 816369,loan
Pemesanan bus sebesar Rp 12661 via UPI Ref 864670,travel
Pesanan Swiggy sebesar Rp 30890 via UPI Ref 495597,food
Cicilan mobil sebesar Rp 18436 via UPI Ref 404716,loan
Pembayaran pesanan Amazon sebesar Rp 14902 via UPI Ref 866278,shopping
Pembayaran toko roti sebesar Rp 15923 via UPI Ref 683102,food
Belanja di mal sebesar Rp 18150 via UPI Ref 447656,shopping
Pembayaran agen perjalanan sebesar Rp 40083 via UPI Ref 972156,travel
Pembayaran toko roti sebesar Rp 2560 via UPI Ref 403768,food
Pembelian di toko kelontong sebesar Rp 15751 via UPI Ref 314580,food
Pembelian tiket kereta sebesar Rp 23369 via UPI Ref 303768,travel
Pembelian di toko elektronik sebesar Rp 38577 via UPI Ref 430378,shopping
Transaksi di restoran pizza sebesar Rp 47839 via UPI Ref 332656,food
Pemesanan taksi Ola sebesar Rp 6002 via UPI Ref 199168,travel
Tagihan toko mode sebesar Rp 34585 via UPI Ref 589108,shopping
Pembelian paket makan siang sebesar Rp 3267 via UPI Ref 735915,food
Pembelian tiket kereta sebesar Rp 38983 via UPI Ref 195859,travel
Pembayaran agen perjalanan sebesar Rp 14307 via UPI Ref 241250,travel
Deposito berjangka sebesar Rp 21269 via UPI Ref 336682,investment
Transaksi di restoran pizza sebesar Rp 2377 via UPI Ref 858498,food
Pesanan Swiggy sebesar Rp 49254 via UPI Ref 741597,food
Tagihan toko mode sebesar Rp 49802 via UPI Ref 443346,shopping
SIP reksa dana sebesar Rp 30358 via UPI Ref 625004,investment
Investasi premi asuransi sebesar Rp 36311 via UPI Ref 855274,investment
Pembayaran pesanan Amazon sebesar Rp 799 via UPI Ref 293807,shopping
Pembayaran taksi Uber sebesar Rp 2026 via UPI Ref 714560,travel
Pembayaran toko roti sebesar Rp 27298 via UPI Ref 217455,food
Belanja di mal sebesar Rp 39237 via UPI Ref 649317,shopping
Tagihan kafe sebesar Rp 45214 via UPI Ref 495618,food
Cicilan mobil sebesar Rp 41835 via UPI Ref 836979,loan
Pendanaan akun demat sebesar Rp 47892 via UPI Ref 397427,investment
Pembelian Flipkart sebesar Rp 47599 via UPI Ref 535694,shopping
Tagihan kafe sebesar Rp 25774 via UPI Ref 485776,food
Transaksi belanja online sebesar Rp 8876 via UPI Ref 160759,shopping
Pembelian di toko kelontong sebesar Rp 39663 via UPI Ref 174357,food
Pembelian paket makan siang sebesar Rp 41996 via UPI Ref 909361,food
Pembelian di toko elektronik sebesar Rp 7233 via UPI Ref 665422,shopping
Pembayaran cicilan kartu kredit sebesar Rp 15261 via UPI Ref 516286,loan
Tagihan toko mode sebesar Rp 22575 via UPI Ref 978775,shopping
Pengiriman makanan Zomato sebesar Rp 49679 via UPI Ref 527063,food
Pemesanan tiket pesawat sebesar Rp 47479 via UPI Ref 265337,travel
Pembayaran pom bensin sebesar Rp 9791 via UPI Ref 177071,travel
Pembayaran agen perjalanan sebesar Rp 18123 via UPI Ref 451473,travel
Cicilan mobil sebesar Rp 5129 via UPI Ref 196704,loan
Potongan cicilan pinjaman sebesar Rp 45674 via UPI Ref 882254,loan
Pembayaran cicilan kartu kredit sebesar Rp 34157 via UPI Ref 662146,loan
Deposito berjangka sebesar Rp 2908 via UPI Ref 969880,investment
Potongan cicilan ponsel sebesar Rp 1492 via UPI Ref 915811,loan
Pembayaran cicilan kartu kredit sebesar Rp 32368 via UPI Ref 514708,loan
Pembelian kripto sebesar Rp 48842 via UPI Ref 148610,investment
Pembelian Flipkart sebesar Rp 7735 via UPI Ref 882597,shopping
Pemesanan hotel sebesar Rp 1277 via UPI Ref 144206,travel
Pembayaran taksi Uber sebesar Rp 34195 via UPI Ref 313051,travel
Cicilan mobil sebesar Rp 26172 via UPI Ref 736933,loan
Pembayaran restoran sebesar Rp 25415 via UPI Ref 261472,food
SIP reksa dana sebesar Rp 21096 via UPI Ref 881358,investment
Pemesanan taksi Ola sebesar Rp 11602 via UPI Ref 904881,travel
Pemesanan bus sebesar Rp 22417 via UPI Ref 473078,travel
Transaksi di restoran pizza sebesar Rp 33462 via UPI Ref 677022,food
Pemesanan hotel sebesar Rp 37589 via UPI Ref 214057,travel
Deposito berjangka sebesar Rp 31902 via UPI Ref 545092,investment
Belanja di mal sebesar Rp 40809 via UPI Ref 321101,shopping
Pembelian di toko elektronik sebesar Rp 19131 via UPI Ref 886078,shopping
Pesanan Swiggy sebesar Rp 15966 via UPI Ref 418773,food
Pembayaran pesanan Amazon sebesar Rp 34690 via UPI Ref 569164,shopping
Isi ulang metro sebesar Rp 19658 via UPI Ref 348958,travel
Investasi premi asuransi sebesar Rp 43819 via UPI Ref 677019,investment
Belanja di mal sebesar Rp 26803 via UPI Ref 148360,shopping
Pembelian tiket kereta sebesar Rp 42379 via UPI Ref 492484,travel
Pembelian Flipkart sebesar Rp 3599 via UPI Ref 207452,shopping
Cicilan mobil sebesar Rp 45392 via UPI Ref 827677,loan
Pembayaran restoran sebesar Rp 33352 via UPI Ref 486130,food
Pembelian Flipkart sebesar Rp 19062 via UPI Ref 399645,shopping
Belanja di mal sebesar Rp 1133 via UPI Ref 849367,shopping
Pendanaan akun demat sebesar Rp 38300 via UPI Ref 946541,investment
Pemesanan hotel sebesar Rp 49659 via UPI Ref 726891,travel
Belanja supermarket sebesar Rp 41026 via UPI Ref 700535,shopping
Investasi premi asuransi sebesar Rp 43142 via UPI Ref 410810,investment
Tagihan toko mode sebesar Rp 5975 via UPI Ref 647579,shopping
Pembayaran cicilan kartu kredit sebesar Rp 35179 via UPI Ref 921591,loan
Cicilan pinjaman pribadi sebesar Rp 25272 via UPI Ref 767709,loan
Pembayaran toko pakaian sebesar Rp 9729 via UPI Ref 446401,shopping
Pembelian Flipkart sebesar Rp 19394 via UPI Ref 122306,shopping
Pembelian di toko elektronik sebesar Rp 37421 via UPI Ref 748841,shopping
Pemesanan tiket pesawat sebesar Rp 12576 via UPI Ref 213618,travel
Pembelian tiket kereta sebesar Rp 19395 via UPI Ref 918443,travel
Pemesanan hotel sebesar Rp 26590 via UPI Ref 691307,travel
Pembayaran pesanan Amazon sebesar Rp 26826 via UPI Ref 752442,shopping
Pembelian paket makan siang sebesar Rp 31097 via UPI Ref 262530,food
Deposito berjangka sebesar Rp 7814 via UPI Ref 579389,investment
SIP reksa dana sebesar Rp 42169 via UPI Ref 563459,investment
Pembelian tiket kereta sebesar Rp 20383 via UPI Ref 688942,travel
Pembayaran pom bensin sebesar Rp 39862 via UPI Ref 331103,travel
Potongan cicilan ponsel sebesar Rp 43520 via UPI Ref 731662,loan
Potongan cicilan ponsel sebesar Rp 16088 via UPI Ref 645478,loan
Pembayaran pom bensin sebesar Rp 49711 via UPI Ref 118349,travel
Pembayaran cicilan peralatan elektronik sebesar Rp 301 via UPI Ref 461426,loan
Deposito berjangka sebesar Rp 7820 via UPI Ref 249376,investment
Belanja supermarket sebesar Rp 22470 via UPI Ref 131394,shopping
Belanja di mal sebesar Rp 26722 via UPI Ref 719196,shopping
Cicilan pinjaman pribadi sebesar Rp 44438 via UPI Ref 253734,loan
Deposito berjangka sebesar Rp 17535 via UPI Ref 198039,investment
Belanja supermarket sebesar Rp 37646 via UPI Ref 496672,shopping
Cicilan mobil sebesar Rp 41410 via UPI Ref 176340,loan
Pembayaran taksi Uber sebesar Rp 36917 via UPI Ref 605339,travel
SIP reksa dana sebesar Rp 44140 via UPI Ref 970962,investment
Pembelian tiket kereta sebesar Rp 34736 via UPI Ref 428932,travel
Transaksi belanja online sebesar Rp 49279 via UPI Ref 226024,shopping
Pembayaran cicilan peralatan elektronik sebesar Rp 12685 via UPI Ref 914972,loan
Cicilan mobil sebesar Rp 35585 via UPI Ref 256187,loan
Pemesanan bus sebesar Rp 33459 via UPI Ref 385109,travel
Pembayaran restoran sebesar Rp 10863 via UPI Ref 601656,food
Pembayaran taksi Uber sebesar Rp 526 via UPI Ref 800151,travel
Belanja supermarket sebesar Rp 39447 via UPI Ref 509650,shopping
SIP reksa dana sebesar Rp 3714 via UPI Ref 222456,investment
Investasi obligasi emas sebesar Rp 13342 via UPI Ref 178702,investment
Tagihan kafe sebesar Rp 40200 via UPI Ref 451106,food
Pembayaran restoran sebesar Rp 4439 via UPI Ref 493416,food
Pembayaran pesanan Amazon sebesar Rp 40212 via UPI Ref 779776,shopping
Potongan cicilan pinjaman sebesar Rp 19304 via UPI Ref 760458,loan
Pembelian Flipkart sebesar Rp 48447 via UPI Ref 437004,shopping
Makan malam di hotel sebesar Rp 26824 via UPI Ref 911235,food
Pembayaran pom bensin sebesar Rp 12938 via UPI Ref 710756,travel
Deposito berjangka sebesar Rp 27044 via UPI Ref 757433,investment
Pembayaran taksi Uber sebesar Rp 47939 via UPI Ref 486254,travel
Iuran Bulanan,bills
Streaming,entertainment
Warung Nasi,food
Internet,bills
Gofood,food
Tissue,shopping
Alfamart,shopping
Bioskop,entertainment
Makan Siang,food
Belanja Mingguan,shopping
Cemilan,food
Bonus,income
Jajan Sore,food
Top up Game,entertainment
Investasi,investment
Cashback,investment
Bunga Bank,investment
Air,bills
BPJS,bills
Pulsa,bills
Insentif,income
Kopi Pagi,food
Tabungan,investment
Main Ke Mall,entertainment
Indomaret,shopping
Makan Malam,food
Listrik,bills
Kebutuhan Pokok,shopping
Sabun,shopping
Gaji Bulanan,income
Freelance Project,income
Belanja sembako,food
Kopi,food
Shopee,shopping
Elektronik,shopping
Parkir,transport
Tol,transport
Bus Transjakarta,transport
GrabFood,food
Game online,entertainment
KRL,transport
Sepatu,shopping
Spotify,entertainment
Donasi,bills
Jajan,food
BPJS tambahan,healthcare
Sarapan,food
Bensin,transport
GoRide,transport
Tokopedia,shopping
GrabCar,transport
Air PAM,bills
Vitamin,healthcare
Arisan,bills
Angkot,transport
Dokter,healthcare
Perabot rumah,shopping
Gym,healthcare
Netflix,entertainment
Liburan,entertainment
Kado,bills
Baju,shopping
Karaoke,entertainment
Apotek,healthcare
Naik MRT Jakarta,transport
Naik KRL Commuter Line,transport
Naik TransJakarta Koridor 1,transport
Naik LRT Jabodebek,transport
Naik Bus DAMRI Bandara,transport
Naik angkot,transport
Naik ojek pangkalan,transport
Naik taksi Blue Bird,transport
Naik GrabBike,transport
Naik GoRide,transport
Isi saldo e-money Mandiri,transport
Isi saldo Flazz BCA,transport
Isi saldo Brizzi BRI,transport
Isi saldo TapCash BNI,transport
Top up kartu MRT,transport
Top up kartu KRL,transport
Bayar parkir motor,transport
Bayar parkir mobil,transport
Parkir mall,transport
Parkir stasiun,transport
Parkir bandara,transport
Bayar tol JORR,transport
Bayar tol Cipularang,transport
Bayar tol Jagorawi,transport
Isi bensin Pertamina,transport
Isi bensin Shell,transport
Isi bensin BP AKR,transport
Isi bensin Vivo,transport
Servis motor Honda,transport
Servis motor Yamaha,transport
Servis mobil Toyota,transport
Ganti oli motor,transport
Ganti ban mobil,transport
Cuci mobil,transport
Cuci motor,transport
Beli tiket MRT,transport
Beli tiket KRL,transport
Beli tiket Busway,transport
Beli tiket DAMRI,transport
Naik shuttle kampus,transport
Naik bus kota,transport
Naik mikrotrans,transport
Bayar terminal,transport
Parkir kampus,transport
Parkir kantor,transport
Isi e-Toll Mandiri,transport
Isi e-Toll BCA,transport
Isi e-Toll BNI,transport
Isi e-Toll BRI,transport
Bayar ferry penyeberangan,transport
Naik kapal penyebrangan,transport
Naik speedboat lokal,transport
Naik becak,transport
Naik delman,transport
Naik bajaj,transport
Naik ojek online,transport
Pesan GrabCar,transport
Pesan GoCar,transport
Pesan Maxim,transport
Pesan InDrive,transport
Isi solar mobil,transport
Isi Pertamax Turbo,transport
Isi Pertalite,transport
Isi Dexlite,transport
Isi BBM kendaraan,transport
Bayar parkir hotel,transport
Bayar parkir apartemen,transport
Biaya derek kendaraan,transport
Biaya towing mobil,transport
Servis rem mobil,transport
Servis AC mobil,transport
Ganti aki mobil,transport
Isi angin nitrogen ban,transport
Tambal ban motor,transport
Tambal ban mobil,transport
Spooring balancing,transport
Ganti kampas rem,transport
Naik bus AKAP,transport
Naik bus wisata,transport
Naik travel shuttle,transport
Bayar penitipan motor,transport
Bayar penitipan mobil,transport
Isi saldo JakCard,transport
Isi saldo MultiTrip KAI,transport
Bayar parkir rumah sakit,transport
Bayar parkir minimarket,transport
Naik kereta bandara,transport
Naik kereta lokal,transport
Naik bus sekolah,transport
Naik kendaraan umum,transport
Sewa sepeda listrik,transport
Sewa skuter listrik,transport
Isi saldo kartu transportasi,transport
Biaya uji KIR kendaraan,transport
Perpanjang STNK kendaraan,transport
Bayar pajak kendaraan,transport
Bayar parkir valet,transport
Naik feeder bus,transport
Bayar retribusi parkir,transport
Naik taksi online,transport
Top up gojek saldo buat transport,transport
Top up grab buat naik mobil,transport
Naik bus TransJogja,transport
Naik bus TransSemarang,transport
Naik bus TransBandung,transport
Naik bus TransJakarta,transport
Naik ojek,transport
Naik bentor,transport
Naik andong,transport
Bayar parkir meteran,transport
Bayar parkir basement,transport
Parkir gedung perkantoran,transport
Parkir mal,transport
Parkir ruko,transport
Isi e-money kartu uang elektronik,transport
Isi flazz untuk transportasi,transport
Isi Brizzi buat naik kereta,transport
Top up tapcash bni,transport
Bayar tol dalam kota,transport
Bayar tol luar kota,transport
Bayar tol jembatan,transport
Isi bensin motor,transport
Isi bensin mobil,transport
Isi pertamax,transport
Isi dex,transport
Bayar bensin subsidi,transport
Bayar bensin non subsidi,transport
Service berkala motor,transport
Service berkala mobil,transport
Ganti oli mesin,transport
Ganti oli gardan,transport
Ganti busi motor,transport
Ganti busi mobil,transport
Ganti filter udara,transport
Ganti filter oli,transport
Ganti timing belt,transport
Ganti water pump,transport
Ganti kampas kopling,transport
Cuci motor steam,transport
Cuci mobil steam,transport
Cuci mobil salon,transport
Cuci motor salon,transport
Naik becak motor,transport
Naik bemo,transport
Naik mikrolet,transport
Naik metromini,transport
Naik kopaja,transport
Naik patas,transport
Naik bus malam,transport
Naik bus primajasa,transport
Naik bus lorena,transport
Naik bus als,transport
Naik bus maju lancar,transport
Naik bus pandawa,transport
Sewa mobil harian,transport
Sewa motor harian,transport
Sewa bus pariwisata,transport
Sewa mobil dengan supir,transport
Sewa motor tanpa supir,transport
Isi saldo mrt,transport
Isi saldo lrt,transport
Isi saldo krl,transport
Naik kereta ekonomi,transport
Naik kereta bisnis,transport
Naik kereta eksekutif,transport
Beli tiket pesawat online,transport
Beli tiket kereta online,transport
Beli tiket bus online,transport
Bayar tiket pesawat,transport
Bayar tiket kapal,transport
Naik pesawat garuda,transport
Naik pesawat lion air,transport
Naik pesawat citilink,transport
Naik pesawat batik air,transport
Naik pesawat super air jet,transport
Naik pesawat air asia,transport
Naik speedboat,transport
Naik kapal ferry,transport
Naik kapal cepat,transport
Naik kapal lambat,transport
Parkir airport,transport
Parkir stasiun kereta,transport
Parkir terminal bus,transport
Parkir pelabuhan,transport
Isi saldo e-toll,transport
Isi saldo e-money bca,transport
Isi saldo e-money bni,transport
Isi saldo e-money bri,transport
Perpanjang pajak motor,transport
Perpanjang pajak mobil,transport
Bayar pajak motor online,transport
Bayar pajak mobil online,transport
Bayar pajak STNK,transport
Bayar plat nomor kendaraan,transport
Bayar kir kendaraan,transport
Perpanjang kir,transport
Bayar pengesahan STNK,transport
Bayar denda pajak kendaraan,transport
Bayar denda STNK,transport
Bayar ganti plat nomor,transport
Bayar mutasi kendaraan,transport
Bayar balik nama kendaraan,transport
Naik bus antarkota,transport
Naik bus pariwisata,transport
Naik travel antar jemput,transport
Naik travel online,transport
Transfer ke rekening BCA tujuan,transfer
Kirim dana ke Mandiri,transfer
Pindah uang ke BRI,transfer
Transfer antar rekening BNI,transfer
Kirim ke CIMB Niaga,transfer
Transfer ke teman via BCA,transfer
Pindah dana ke rekening sendiri Mandiri,transfer
Transfer ke rekening BNI Syariah,transfer
Kirim uang ke BRI,transfer
Transfer BCA ke Mandiri,transfer
Pindah dana antar rekening,transfer
Transfer uang ke keluarga,transfer
Kirim ke rekening istri,transfer
Transfer ke rekening tabungan,transfer
Pindah dana ke giro,transfer
Transfer ke rekening saudara,transfer
Kirim uang ke anak,transfer
Transfer ke rekening bersama,transfer
Pindah dana ke deposito,transfer
Transfer untuk bayar tagihan,transfer
Kirim ke rekening pengelola dana,transfer
Transfer ke rekening mitra,transfer
Pindah dana ke reksadana,transfer
Transfer ke rekening sekuritas,transfer
Kirim uang ke orang tua,transfer
Transfer ke rekening adik,transfer
Pindah dana ke rekening kakak,transfer
Transfer ke rekening paman,transfer
Kirim ke rekening bibi,transfer
Transfer ke rekening kakek,transfer
Pindah dana ke rekening nenek,transfer
Transfer ke rekening sepupu,transfer
Kirim uang ke keponakan,transfer
Transfer ke rekening mertua,transfer
Pindah dana ke rekening ipar,transfer
Transfer ke rekening teman kantor,transfer
Kirim ke rekening teman kuliah,transfer
Transfer ke rekening sahabat,transfer
Pindah dana ke rekening tetangga,transfer
Transfer ke rekening partner bisnis,transfer
Kirim uang ke vendor,transfer
Transfer ke rekening supplier,transfer
Pindah dana ke rekening distributor,transfer
Transfer ke rekening agen,transfer
Kirim ke rekening reseller,transfer
Transfer ke rekening dropshipper,transfer
Pindah dana ke rekening influencer,transfer
Transfer ke rekening content creator,transfer
Kirim uang ke freelancer,transfer
Transfer ke rekening karyawan,transfer
Pindah dana ke rekening mitra bisnis,transfer
Transfer ke rekening investor,transfer
Kirim ke rekening pemilik saham,transfer
Transfer ke rekening komisaris,transfer
Pindah dana ke rekening direktur,transfer
Transfer ke rekening manajer,transfer
Kirim uang ke supervisor,transfer
Transfer ke rekening staf,transfer
Pindah dana ke rekening admin,transfer
Transfer ke rekening operasional,transfer
Kirim ke rekening kas,transfer
Transfer ke rekening bendahara,transfer
Pindah dana ke rekening notaris,transfer
Transfer ke rekening pengacara,transfer
Kirim uang ke konsultan,transfer
Transfer ke rekening akuntan,transfer
Pindah dana ke rekening auditor,transfer
Transfer ke rekening pajak,transfer
Kirim ke rekening bea cukai,transfer
Transfer ke rekening pemerintah,transfer
Pindah dana ke rekening dinas,transfer
Transfer ke rekening kelurahan,transfer
Kirim uang ke kecamatan,transfer
Transfer ke rekening kota,transfer
Pindah dana ke rekening provinsi,transfer
Transfer ke rekening negara,transfer
Kirim ke rekening asing,transfer
Transfer ke rekening luar negeri,transfer
Pindah dana ke rekening Singapura,transfer
Transfer ke rekening Malaysia,transfer
Kirim uang ke rekening Thailand,transfer
Transfer ke rekening Vietnam,transfer
Pindah dana ke rekening Filipina,transfer
Transfer ke rekening Jepang,transfer
Kirim ke rekening Korea,transfer
Transfer ke rekening China,transfer
Pindah dana ke rekening Amerika,transfer
Transfer ke rekening Inggris,transfer
Kirim uang ke rekening Australia,transfer
Transfer ke rekening Selandia Baru,transfer
Pindah dana ke rekening Eropa,transfer
Transfer ke rekening Swiss,transfer
Kirim ke rekening Jerman,transfer
Transfer ke rekening Prancis,transfer
Pindah dana ke rekening Belanda,transfer
Transfer ke rekening Italia,transfer
Kirim uang ke rekening Spanyol,transfer
Transfer ke rekening Portugal,transfer
Pindah dana ke rekening Yunani,transfer
Transfer ke rekening Turki,transfer
Kirim ke rekening India,transfer
Transfer ke rekening Pakistan,transfer
Pindah dana ke rekening Bangladesh,transfer
Transfer ke rekening Sri Lanka,transfer
Kirim uang ke rekening Nepal,transfer
Transfer ke rekening Bhutan,transfer
Pindah dana ke rekening Myanmar,transfer
Transfer ke rekening Kamboja,transfer
Kirim ke rekening Laos,transfer
Transfer ke rekening Brunei,transfer
Pindah dana ke rekening Timor Leste,transfer
Transfer ke rekening Papua Nugini,transfer
Kirim uang ke rekening Fiji,transfer
Transfer ke rekening Mauritius,transfer
Pindah dana ke rekening Afrika,transfer
Transfer ke rekening Nigeria,transfer
Kirim ke rekening Kenya,transfer
Transfer ke rekening Tanzania,transfer
Pindah dana ke rekening Uganda,transfer
Transfer ke rekening Ghana,transfer
Kirim uang ke rekening Maroko,transfer
Transfer ke rekening Aljazair,transfer
Pindah dana ke rekening Mesir,transfer
Transfer ke rekening Arab Saudi,transfer
Kirim ke rekening Uni Emirat Arab,transfer
Transfer ke rekening Qatar,transfer
Pindah dana ke rekening Kuwait,transfer
Transfer ke rekening Oman,transfer
Kirim uang ke rekening Bahrain,transfer
Transfer ke rekening Yordania,transfer
Pindah dana ke rekening Lebanon,transfer
Transfer ke rekening Irak,transfer
Kirim ke rekening Iran,transfer
Transfer ke rekening Afghanistan,transfer
Pindah dana ke rekening Uzbekistan,transfer
Transfer ke rekening Kazakhstan,transfer
Kirim uang ke rekening Turkmenistan,transfer
Transfer ke rekening Azerbaijan,transfer
Pindah dana ke rekening Georgia,transfer
Transfer ke rekening Armenia,transfer
Kirim ke rekening Ukraina,transfer
Transfer ke rekening Rusia,transfer
Pindah dana ke rekening Belarus,transfer
Transfer ke rekening Moldova,transfer
Kirim uang ke rekening Romania,transfer
Transfer ke rekening Bulgaria,transfer
Pindah dana ke rekening Serbia,transfer
Transfer ke rekening Kroasia,transfer
Kirim ke rekening Slovenia,transfer
Transfer ke rekening Slovakia,transfer
Pindah dana ke rekening Ceko,transfer
Transfer ke rekening Polandia,transfer
Kirim uang ke rekening Hongaria,transfer
Transfer ke rekening Austria,transfer
Pindah dana ke rekening Belgia,transfer
Transfer ke rekening Denmark,transfer
Kirim ke rekening Norwegia,transfer
Transfer ke rekening Swedia,transfer
Pindah dana ke rekening Finlandia,transfer
Transfer ke rekening Islandia,transfer
Kirim uang ke rekening Greenland,transfer
Transfer ke rekening Kanada,transfer
Pindah dana ke rekening Meksiko,transfer
Transfer ke rekening Brasil,transfer
Kirim ke rekening Argentina,transfer
Transfer ke rekening Chili,transfer
Pindah dana ke rekening Kolombia,transfer
Transfer ke rekening Peru,transfer
Kirim uang ke rekening Venezuela,transfer
Transfer ke rekening Ekuador,transfer
Pindah dana ke rekening Bolivia,transfer
Transfer ke rekening Paraguay,transfer
Kirim ke rekening Uruguay,transfer
Transfer ke rekening Guyana,transfer
Pindah dana ke rekening Suriname,transfer
Transfer ke rekening Republik Dominika,transfer
Kirim uang ke rekening Kuba,transfer
Transfer ke rekening Jamaika,transfer
Pindah dana ke rekening Trinidad,transfer
Transfer ke rekening Bahama,transfer
Kirim ke rekening Barbados,transfer
Transfer ke rekening Saint Lucia,transfer
Pindah dana ke rekening Grenada,transfer
Transfer ke rekening Saint Vincent,transfer
Kirim uang ke rekening Antigua,transfer
Transfer ke rekening Dominika,transfer
Pindah dana ke rekening Kepulauan Solomon,transfer
Transfer ke rekening Vanuatu,transfer
Kirim ke rekening Samoa,transfer
Transfer ke rekening Tonga,transfer
Pindah dana ke rekening Kiribati,transfer
Transfer ke rekening Tuvalu,transfer
Kirim uang ke rekening Palau,transfer
Transfer ke rekening Marshall,transfer
Pindah dana ke rekening Mikronesia,transfer
Transfer ke rekening Nauru,transfer
Kirim ke rekening Indonesia,transfer
Transfer ke rekening lokal,transfer
Pindah dana ke rekening domestik,transfer
Transfer ke rekening antar cabang,transfer
Kirim uang ke rekening beda bank,transfer
Transfer ke rekening online,transfer
Pindah dana ke rekening digital,transfer
Transfer ke rekening e-wallet,transfer
Kirim ke rekening virtual,transfer
Transfer ke rekening pribadi,transfer
Pindah dana ke rekening usaha,transfer
Transfer ke rekening korporasi,transfer
Kirim uang ke rekening institusi,transfer
Transfer ke rekening yayasan,transfer
Pindah dana ke rekening organisasi,transfer
Transfer ke rekening perkumpulan,transfer
Kirim ke rekening koperasi,transfer
Transfer ke rekening BUMDes,transfer
Pindah dana ke rekening UMKM,transfer
Transfer ke rekening startup,transfer
Kirim uang ke rekening tech company,transfer
Transfer ke rekening fintech,transfer
Pindah dana ke rekening bank digital,transfer
Transfer ke rekening neobank,transfer
Kirim ke rekening bank emas,transfer
Transfer ke rekening syariah,transfer
Pindah dana ke rekening valas,transfer
Transfer ke rekening dollar,transfer
Kirim uang ke rekening euro,transfer
Transfer ke rekening yen,transfer
Pindah dana ke rekening yuan,transfer
Transfer ke rekening won,transfer
Kirim ke rekening ringgit,transfer
Transfer ke rekening baht,transfer
Pindah dana ke rekening dong,transfer
Transfer ke rekening peso,transfer
Kirim uang ke rekening rupee,transfer
Transfer ke rekening taka,transfer
Pindah dana ke rekening rupiah,transfer
Transfer ke rekening utama,transfer
Kirim ke rekening cadangan,transfer
Transfer ke rekening darurat,transfer
Pindah dana ke rekening investasi,transfer
Transfer ke rekening pensiun,transfer
Kirim uang ke rekening pendidikan,transfer
Transfer ke rekening kesehatan,transfer
Pindah dana ke rekening perumahan,transfer
Transfer ke rekening kendaraan,transfer
Kirim ke rekening wisata,transfer
Transfer ke rekening hobby,transfer
Pindah dana ke rekening dana sosial,transfer
Transfer ke rekening amal,transfer
Kirim uang ke rekening zakat,transfer
Transfer ke rekening infaq,transfer
Pindah dana ke rekening sedekah,transfer
Transfer ke rekening wakaf,transfer
Kirim ke rekening hibah,transfer
Transfer ke rekening hadiah,transfer
Pindah dana ke rekening bonus,transfer
Transfer ke rekening komisi,transfer
Kirim uang ke rekening insentif,transfer
Transfer ke rekening tunjangan,transfer
Pindah dana ke rekening thr,transfer
Transfer ke rekening gaji,transfer
Kirim ke rekening honor,transfer
Transfer ke rekening royalti,transfer
Pindah dana ke rekening dividen,transfer
Transfer ke rekening bunga,transfer
Kirim uang ke rekening bagi hasil,transfer
Transfer ke rekening keuntungan,transfer
Pindah dana ke rekening laba,transfer
Transfer ke rekening modal,transfer
Kirim ke rekening setoran,transfer
Transfer ke rekening tarikan,transfer
Pindah dana ke rekening pinjaman,transfer
Transfer ke rekening cicilan,transfer
Kirim uang ke rekening angsuran,transfer
Transfer ke rekening kredit,transfer
Pindah dana ke rekening debit,transfer
Transfer ke rekening autodebit,transfer
Kirim ke rekening standing instruction,transfer
Transfer ke rekening auto transfer,transfer
Pindah dana ke rekening recurring,transfer
Transfer ke rekening monthly,transfer
Kirim uang ke rekening weekly,transfer
Transfer ke rekening daily,transfer
Pindah dana ke rekening instant,transfer
Transfer ke rekening realtime,transfer
Kirim ke rekening online banking,transfer
Transfer ke rekening mobile banking,transfer
Pindah dana ke rekening internet banking,transfer
Transfer ke rekening atm,transfer
Kirim uang ke rekening teller,transfer
Transfer ke rekening cabang,transfer
Pindah dana ke rekening kantor pusat,transfer
Transfer ke rekening regional,transfer
Kirim ke rekening area,transfer
Transfer ke rekening zona,transfer
Pindah dana ke rekening wilayah,transfer
Transfer ke rekening provinsi,transfer
Kirim uang ke rekening kabupaten,transfer
Transfer ke rekening kecamatan,transfer
Pindah dana ke rekening desa,transfer
Transfer ke rekening dusun,transfer
Kirim ke rekening kampung,transfer
Transfer ke rekening kompleks,transfer
Transfer ke rekening apartemen,transfer
Kirim uang ke rekening ruko,transfer
Transfer ke rekening kantor,transfer
Pindah dana ke rekening toko,transfer
Transfer ke rekening warung,transfer
Kirim ke rekening kafe,transfer
Transfer ke rekening restoran,transfer
Pindah dana ke rekening hotel,transfer
Transfer ke rekening resort,transfer
Kirim uang ke rekening villa,transfer
Transfer ke rekening cottage,transfer
Pindah dana ke rekening kapal,transfer
Transfer ke rekening pesawat,transfer
Kirim ke rekening kereta,transfer
Transfer ke rekening bus,transfer
Pindah dana ke rekening travel,transfer
Transfer ke rekening wisata,transfer
Kirim uang ke rekening umroh,transfer
Transfer ke rekening haji,transfer
Pindah dana ke rekening ibadah,transfer
Top Up OVO via BCA,topup
Isi saldo GoPay dari Mandiri,topup
Top Up DANA pakai BRI,topup
Isi saldo ShopeePay dari BNI,topup
Top Up LinkAja via CIMB,topup
Isi saldo OVO dari rekening tabungan,topup
Top Up GoPay pake kartu kredit,topup
Isi saldo DANA via mobile banking,topup
Top Up ShopeePay dari rekening sendiri,topup
Isi saldo LinkAja pakai internet banking,topup
Top Up OVO buat beli pulsa,topup
Isi saldo GoPay buat bayar makan,topup
Top Up DANA buat belanja online,topup
Isi saldo ShopeePay buat bayar listrik,topup
Top Up LinkAja buat bayar parkir,topup
Top Up OVO buat naik transportasi,topup
Isi saldo GoPay buat order GoFood,topup
Top Up DANA buat transfer ke teman,topup
Isi saldo ShopeePay buat beli di Shopee,topup
Top Up LinkAja buat bayar BPJS,topup
Top Up OVO via ATM BCA,topup
Isi saldo GoPay via ATM Mandiri,topup
Top Up DANA via ATM BRI,topup
Isi saldo ShopeePay via ATM BNI,topup
Top Up LinkAja via ATM CIMB,topup
Isi saldo OVO via QRIS,topup
Top Up GoPay via QR code,topup
Isi saldo DANA via scan barcode,topup
Top Up ShopeePay via QRIS,topup
Isi saldo LinkAja via QR code,topup
Top Up OVO buat bayar tol,topup
Isi saldo GoPay buat bayar parkir mall,topup
Top Up DANA buat bayar subscription,topup
Isi saldo ShopeePay buat bayar cicilan,topup
Top Up LinkAja buat bayar asuransi,topup
Top Up OVO buat bayar tiket bioskop,topup
Isi saldo GoPay buat bayar tiket konser,topup
Top Up DANA buat bayar tiket pesawat,topup
Isi saldo ShopeePay buat bayar tiket kereta,topup
Top Up LinkAja buat bayar tiket bus,topup
Top Up OVO buat bayar minuman,topup
Isi saldo GoPay buat bayar jajanan,topup
Top Up DANA buat bayar makan siang,topup
Isi saldo ShopeePay buat bayar dinner,topup
Top Up LinkAja buat bayar snack,topup
Top Up OVO buat bayar laundry,topup
Isi saldo GoPay buat bayar salon,topup
Top Up DANA buat bayar gym,topup
Isi saldo ShopeePay buat bayar les,topup
Top Up LinkAja buat bayar kursus,topup
Top Up OVO buat bayar pulsa,topup
Isi saldo GoPay buat bayar paket data,topup
Top Up DANA buat bayar tagihan PDAM,topup
Isi saldo ShopeePay buat bayar tagihan listrik,topup
Top Up LinkAja buat bayar tagihan internet,topup
Top Up OVO buat bayar tagihan gas,topup
Isi saldo GoPay buat bayar tagihan TV,topup
Top Up DANA buat bayar tagihan kartu kredit,topup
Isi saldo ShopeePay buat bayar tagihan sekolah,topup
Top Up LinkAja buat bayar tagihan kuliah,topup
Top Up OVO buat bayar donasi,topup
Isi saldo GoPay buat bayar zakat,topup
Top Up DANA buat bayar infaq,topup
Isi saldo ShopeePay buat bayar sedekah,topup
Top Up LinkAja buat bayar wakaf,topup
Top Up OVO buat transfer sesama OVO,topup
Isi saldo GoPay buat transfer sesama GoPay,topup
Top Up DANA buat transfer sesama DANA,topup
Isi saldo ShopeePay buat transfer sesama,topup
Top Up LinkAja buat transfer ke LinkAja lain,topup
Top Up OVO dari rekening gaji,topup
Isi saldo GoPay dari bonus,topup
Top Up DANA dari THR,topup
Isi saldo ShopeePay dari komisi,topup
Top Up LinkAja dari cashback,topup
Top Up OVO buat beli paket data,topup
Isi saldo GoPay buat beli kuota internet,topup
Top Up DANA buat beli voucher game,topup
Isi saldo ShopeePay buat beli voucher makan,topup
Top Up LinkAja buat beli voucher transportasi,topup
Top Up OVO buat bayar virtual account,topup
Isi saldo GoPay buat bayar e-commerce,topup
Top Up DANA buat bayar marketplace,topup
Isi saldo ShopeePay buat bayar toko online,topup
Top Up LinkAja buat bayar app,topup
Top Up OVO buat bayar subscription app,topup
Isi saldo GoPay buat bayar Netflix,topup
Top Up DANA buat bayar Spotify,topup
Isi saldo ShopeePay buat bayar YouTube,topup
Top Up LinkAja buat bayar Apple Music,topup
Top Up OVO via transfer antar bank,topup
Isi saldo GoPay via SKN,topup
Top Up DANA via RTGS,topup
Isi saldo ShopeePay via kliring,topup
Top Up LinkAja via online transfer,topup
Top Up OVO buat bayar jasa,topup
Isi saldo GoPay buat bayar servis,topup
Top Up DANA buat bayar perbaikan,topup
Isi saldo ShopeePay buat bayar maintenance,topup
Top Up LinkAja buat bayar IT service,topup
Top Up OVO buat bayar konsultasi,topup
Isi saldo GoPay buat bayar psikolog,topup
Top Up DANA buat bayar dokter,topup
Isi saldo ShopeePay buat bayar apotek,topup
Top Up LinkAja buat bayar obat,topup
Top Up OVO buat bayar vitamin,topup
Isi saldo GoPay buat bayar suplemen,topup
Top Up DANA buat bayar alat medis,topup
Isi saldo ShopeePay buat bayar masker,topup
Top Up LinkAja buat bayar hand sanitizer,topup
Top Up OVO buat bayar kebutuhan dapur,topup
Isi saldo GoPay buat bayar sembako,topup
Top Up DANA buat bayar sayur,topup
Isi saldo ShopeePay buat bayar buah,topup
Top Up LinkAja buat bayar lauk,topup
Top Up OVO buat bayar protein,topup
Isi saldo GoPay buat bayar minyak,topup
Top Up DANA buat bayar gula,topup
Isi saldo ShopeePay buat bayar tepung,topup
Top Up LinkAja buat bayar beras,topup
Top Up OVO buat bayar kebutuhan rumah,topup
Isi saldo GoPay buat bayar deterjen,topup
Top Up DANA buat bayar sabun,topup
Isi saldo ShopeePay buat bayar sampo,topup
Top Up LinkAja buat bayar pasta gigi,topup
Top Up OVO buat bayar kebutuhan mandi,topup
Isi saldo GoPay buat bayar tissue,topup
Top Up DANA buat bayar tisu basah,topup
Isi saldo ShopeePay buat bayar pembalut,topup
Top Up LinkAja buat bayar popok,topup
Top Up OVO buat bayar susu bayi,topup
Isi saldo GoPay buat bayar bubur bayi,topup
Top Up DANA buat bayar biskuit bayi,topup
Isi saldo ShopeePay buat bayar snack bayi,topup
Top Up LinkAja buat bayar perlengkapan bayi,topup
Top Up OVO buat bayar mainan anak,topup
Isi saldo GoPay buat bayar buku anak,topup
Top Up DANA buat bayar alat tulis,topup
Isi saldo ShopeePay buat bayar perlengkapan sekolah,topup
Top Up LinkAja buat bayar seragam,topup
Top Up OVO buat bayar sepatu,topup
Isi saldo GoPay buat bayar tas,topup
Top Up DANA buat bayar aksesoris,topup
Isi saldo ShopeePay buat bayar jam tangan,topup
Top Up LinkAja buat bayar dompet,topup
Top Up OVO buat bayar kacamata,topup
Isi saldo GoPay buat bayar HP,topup
Top Up DANA buat bayar laptop,topup
Isi saldo ShopeePay buat bayar tablet,topup
Top Up LinkAja buat bayar gadget,topup
Top Up OVO buat bayar charger,topup
Isi saldo GoPay buat bayar powerbank,topup
Top Up DANA buat bayar kabel,topup
Isi saldo ShopeePay buat bayar headset,topup
Top Up LinkAja buat bayar speaker,topup
Top Up OVO buat bayar TV,topup
Isi saldo GoPay buat bayar kulkas,topup
Top Up DANA buat bayar mesin cuci,topup
Isi saldo ShopeePay buat bayar AC,topup
Top Up LinkAja buat bayar kipas,topup
Top Up OVO buat bayar dispenser,topup
Isi saldo GoPay buat bayar water heater,topup
Top Up DANA buat bayar kompor,topup
Isi saldo ShopeePay buat bayar rice cooker,topup
Top Up LinkAja buat bayar blender,topup
Top Up OVO buat bayar microwave,topup
Isi saldo GoPay buat bayar oven,topup
Top Up DANA buat bayar mixer,topup
Isi saldo ShopeePay buat bayar alat masak,topup
Top Up LinkAja buat bayar peralatan dapur,topup
Top Up OVO buat bayar meja,topup
Isi saldo GoPay buat bayar kursi,topup
Top Up DANA buat bayar lemari,topup
Isi saldo ShopeePay buat bayar rak,topup
Top Up LinkAja buat bayar etalase,topup
Top Up OVO buat bayar spring bed,topup
Isi saldo GoPay buat bayar bantal,topup
Top Up DANA buat bayar guling,topup
Isi saldo ShopeePay buat bayar selimut,topup
Top Up LinkAja buat bayar sprei,topup
Top Up OVO buat bayar perlengkapan tidur,topup
Isi saldo GoPay buat bayar perlengkapan mandi,topup
Top Up DANA buat bayar perlengkapan dapur,topup
Isi saldo ShopeePay buat bayar perlengkapan rumah,topup
Top Up LinkAja buat bayar perlengkapan kebersihan,topup
Top Up OVO buat bayar perlengkapan laundry,topup
Isi saldo GoPay buat bayar perlengkapan setrika,topup
Top Up DANA buat bayar perlengkapan jahit,topup
Isi saldo ShopeePay buat bayar perlengkapan kerajinan,topup
Top Up LinkAja buat bayar perlengkapan seni,topup
Top Up OVO buat bayar perlengkapan musik,topup
Isi saldo GoPay buat bayar perlengkapan olahraga,topup
Top Up DANA buat bayar perlengkapan renang,topup
Isi saldo ShopeePay buat bayar perlengkapan camping,topup
Top Up LinkAja buat bayar perlengkapan hiking,topup
Top Up OVO buat bayar perlengkapan fishing,topup
Isi saldo GoPay buat bayar perlengkapan fotografi,topup
Top Up DANA buat bayar perlengkapan videografi,topup
Isi saldo ShopeePay buat bayar perlengkapan audio,topup
Top Up LinkAja buat bayar perlengkapan studio,topup
Top Up OVO buat bayar perlengkapan editing,topup
Isi saldo GoPay buat bayar perlengkapan desain,topup
Top Up DANA buat bayar perlengkapan arsitektur,topup
Isi saldo ShopeePay buat bayar perlengkapan teknik,topup
Top Up LinkAja buat bayar perlengkapan laboratorium,topup
Top Up OVO buat bayar perlengkapan medis,topup
Isi saldo GoPay buat bayar perlengkapan klinik,topup
Top Up DANA buat bayar perlengkapan gigi,topup
Isi saldo ShopeePay buat bayar perlengkapan optik,topup
Top Up LinkAja buat bayar perlengkapan audio,topup
Top Up OVO buat bayar perlengkapan IT,topup
Isi saldo GoPay buat bayar perlengkapan server,topup
Top Up DANA buat bayar perlengkapan network,topup
Isi saldo ShopeePay buat bayar perlengkapan data center,topup
Top Up LinkAja buat bayar perlengkapan cloud,topup
Top Up OVO buat bayar perlengkapan security,topup
Isi saldo GoPay buat bayar perlengkapan backup,topup
Top Up DANA buat bayar perlengkapan recovery,topup
Isi saldo ShopeePay buat bayar perlengkapan monitoring,topup
Top Up LinkAja buat bayar perlengkapan analytics,topup
Donasi ke masjid Al-Hikmah,donation
Kirim infak ke yatim piatu,donation
Zakat fitrah dibayarkan,donation
Sedekah ke pengemis,donation
Sumbangan renovasi masjid,donation
Donasi korban banjir,donation
Bayar zakat mal,donation
Donasi ke gereja,donation
Infak ke panti asuhan,donation
Sedekah buat anak jalanan,donation
Sumbangan pembangunan sekolah,donation
Donasi untuk Palestina,donation
Zakat penghasilan,donation
Infak di masjid,donation
Sedekah ke warung makan gratis,donation
Donasi bencana gempa,donation
Bayar infak Jumat,donation
Sumbangan pembuatan sumur,donation
Donasi untuk korban perang,donation
Zakat harta,donation
Infak ke panti jompo,donation
Sedekah ke tetangga,donation
Donasi pembangunan musholla,donation
Bayar zakat profesi,donation
Sumbangan bantuan pendidikan,donation
Donasi untuk PMI,donation
Infak di bulan Ramadhan,donation
Sedekah di hari Jumat,donation
Donasi buat yatim,donation
Bayar infak qurban,donation
Sumbangan bedah rumah,donation
Donasi untuk yayasan,donation
Zakat emas,donation
Infak ke fakir miskin,donation
Sedekah ke panti,donation
Donasi bantuan logistik,donation
Bayar zakat pertanian,donation
Sumbangan pengobatan gratis,donation
Donasi untuk anak yatim,donation
Infak di malam Ramadhan,donation
Sedekah ke orang tua,donation
Donasi untuk pendidikan,donation
Bayar infak hari raya,donation
Sumbangan lapangan olahraga,donation
Donasi bantuan sembako,donation
Zakat profesi dibayar,donation
Infak ke dhuafa,donation
Sedekah ke musafir,donation
Donasi pembangunan taman,donation
Bayar zakat mal tahunan,donation
Sumbangan beasiswa,donation
Donasi untuk korban kekeringan,donation
Infak di hari Jumat,donation
Sedekah ke anak,donation
Donasi untuk refugee,donation
Bayar infak nisfu syaban,donation
Sumbangan perpustakaan,donation
Donasi bencana tsunami,donation
Zakat saham,donation
Infak ke kemanusiaan,donation
Sedekah ke guru,donation
Donasi untuk masjid,donation
Bayar zakat perdagangan,donation
Sumbangan sarana ibadah,donation
Donasi korban banjir bandang,donation
Infak di bulan puasa,donation
Sedekah ke ustaz,donation
Donasi untuk gereja,donation
Bayar zakat ternak,donation
Sumbangan ambulans,donation
Donasi untuk dhuafa,donation
Infak di malam Lailatul Qadar,donation
Sedekah ke anak yatim,donation
Donasi untuk pembangunan PAUD,donation
Bayar infak idul fitri,donation
Sumbangan posyandu,donation
Donasi bencana longsor,donation
Zakat deposit,donation
Infak ke pengungsi,donation
Sedekah ke janda,donation
Donasi untuk korban kebakaran,donation
Bayar zakat deposito,donation
Sumbangan kursi roda,donation
Donasi untuk fakir,donation
Infak di hari Arafah,donation
Sedekah ke kyai,donation
Donasi untuk pembangunan madrasah,donation
Bayar infak taqwa,donation
Sumbangan dapur umum,donation
Donasi untuk anak sekolah,donation
Zakat saham dibayar,donation
Infak ke bencana alam,donation
Sedekah ke lansia,donation
Donasi untuk pengungsi,donation
Bayar zakat perak,donation
Sumbangan fasilitas kesehatan,donation
Donasi untuk korban erupsi,donation
Infak di bulan Safar,donation
Sedekah ke saudara,donation
Donasi untuk pembangunan TPQ,donation
Bayar infak majelis taklim,donation
Sumbangan panti rehabilitasi,donation
Donasi untuk yayasan anak,donation
Zakat perusahaan,donation
Infak ke orang sakit,donation
Sedekah ke orang miskin,donation
Donasi untuk korban tanah longsor,donation
Sumbangan perbaikan masjid,donation
Donasi untuk para korban,donation
Infak di hari tasyrik,donation
Sedekah ke nelayan,donation
Bayar infak pembangunan,donation
Sumbangan peralatan sekolah,donation
Donasi untuk anak terlantar,donation
Zakat hasyir,donation
Infak ke petani,donation
Sedekah ke peternak,donation
Donasi untuk renovasi gereja,donation
Bayar zakat tani,donation
Sumbangan kursus gratis,donation
Donasi untuk korban gempa,donation
Infak di hari raya,donation
Sedekah ke pembantu,donation
Donasi untuk tunawisma,donation
Bayar infak kemanusiaan,donation
Sumbangan bantuan korban,donation
Zakat fitrah dibayar,donation
Infak ke buruh,donation
Sedekah ke anak jalanan,donation
Donasi untuk pembangunan,donation
Bayar zakat emas,donation
Sumbangan makanan,donation
Infak di malam Jumat,donation
Sedekah ke jamaah,donation
Donasi untuk bencana alam,donation
Bayar infak idul adha,donation
Sumbangan pakaian,donation
Zakat perusahaan dibayar,donation
Infak ke para dhuafa,donation
Sedekah ke kakek nenek,donation
Donasi untuk yatim,donation
Sumbangan obat-obatan,donation
Infak di hari berkah,donation
Donasi untuk korban banjir,donation
Bayar infak kebersamaan,donation
Sumbangan alat tulis,donation
Donasi untuk panti jompo,donation
Infak ke masyarakat,donation
Sumbangan makanan ringan,donation
Donasi untuk korban longsor,donation
Infak di bulan suci,donation
Sedekah ke fakir,donation
Donasi untuk renovasi,donation
Bayar infak kebaikan,donation
Sumbangan buku,donation
Donasi untuk anak-anak,donation
Zakat hewan,donation
Infak ke pelajar,donation
Sedekah ke mahasiswa,donation
Bayar zakat uang,donation
Sumbangan peralatan masak,donation
Infak di malam sunnah,donation
Sedekah ke jompo,donation
Donasi untuk bencana,donation
Bayar infak sosial,donation
Sumbangan seragam,donation
Donasi untuk korban,donation
Zakat tabungan,donation
Infak ke orang tua,donation
Bayar zakat bisnis,donation
Sumbangan perabot,donation
Sedekah ke ibu-ibu,donation
Donasi untuk yatim piatu,donation
Bayar infak Ramadhan,donation
Sumbangan material,donation
Zakat mal dibayar,donation
Infak ke remaja,donation
Sedekah ke pemuda,donation
Bayar zakat fitrah,donation
Sumbangan tenaga,donation
Donasi untuk panti,donation
Infak di malam kemuliaan,donation
Sedekah ke jiran,donation
Sumbangan dana,donation
Zakat uang,donation
Infak ke wanita,donation
Sedekah ke keluarga,donation
Bayar zakat,donation
Sumbangan alat berat,donation
Infak di hari kemerdekaan,donation
Sedekah ke alim,donation
Bayar infak jumatan,donation
Sumbangan konsumsi,donation
Sedekah ke muslim,donation
Sumbangan perlengkapan,donation
Infak di hari mulia,donation
Sedekah ke kaum dhuafa,donation
Bayar infak,donation
Sumbangan dana pembangunan,donation
Zakat pertanian,donation
Infak ke masjid,donation
Sedekah ke yatim,donation
Sumbangan gizi,donation
Infak di bulan berkah,donation
Sedekah ke tunawisma,donation
Donasi untuk anak,donation
Bayar infak idul,donation
Sumbangan pangan,donation
Zakat emas dibayar,donation
Sedekah ke miskin,donation
Sumbangan air bersih,donation
Sumbangan perumahan,donation
Zakat perak,donation
Sedekah ke santri,donation
Sumbangan kesehatan,donation
Infak di bulan Ramadan,donation
Sumbangan pendidikan,donation
Biaya admin BCA,fees
Potongan administrasi bulanan,fees
Biaya transfer antar bank,fees
Biaya materai transaksi,fees
Biaya layanan perbulan,fees
Potongan admin rekening,fees
Biaya admin OVO,fees
Biaya admin GoPay,fees
Biaya admin DANA,fees
Biaya admin ShopeePay,fees
Potongan admin transfer,fees
Biaya admin kartu kredit,fees
Biaya administrasi tabungan,fees
Potongan biaya layanan,fees
Biaya admin bulanan BCA,fees
Biaya admin ATM Mandiri,fees
Potongan admin BRI,fees
Biaya admin BNI,fees
Biaya admin CIMB,fees
Potongan administrasi,fees
Biaya admin virtual account,fees
Biaya admin QRIS,fees
Potongan admin e-wallet,fees
Biaya admin mobile banking,fees
Biaya admin internet banking,fees
Potongan biaya transfer,fees
Biaya admin tarik tunai,fees
Biaya admin setor tunai,fees
Potongan admin rekening koran,fees
Biaya admin kartu debit,fees
Biaya admin kartu ATM,fees
Potongan admin bulan lalu,fees
Biaya admin Saldo BCA,fees
Biaya admin tabungan BCA,fees
Potongan admin transaksi,fees
Biaya admin penerimaan dana,fees
Biaya admin pengiriman dana,fees
Potongan admin valas,fees
Biaya admin rekening giro,fees
Potongan admin deposito,fees
Biaya admin rekening bersama,fees
Biaya admin rekening korporasi,fees
Potongan admin payroll,fees
Biaya admin transfer keluar,fees
Biaya admin transfer masuk,fees
Potongan admin bank,fees
Biaya admin bulanan Mandiri,fees
Biaya admin bulanan BRI,fees
Biaya admin bulanan BNI,fees
Potongan admin bulanan CIMB,fees
Biaya admin saldo minimum,fees
Biaya admin saldo mengendap,fees
Potongan admin penalti,fees
Biaya admin keterlambatan,fees
Biaya admin denda,fees
Potongan admin tebus,fees
Biaya admin penggantian kartu,fees
Biaya admin pemblokiran kartu,fees
Potongan admin aktifasi,fees
Biaya admin inaktifasi,fees
Biaya admin perubahan data,fees
Potongan admin kliring,fees
Biaya admin inkaso,fees
Potongan admin SKN,fees
Biaya admin RTGS,fees
Potongan admin transfer online,fees
Biaya admin transfer offline,fees
Biaya admin transfer sesama,fees
Potongan admin transfer beda,fees
Biaya admin transfer luar negeri,fees
Biaya admin transfer SWIFT,fees
Potongan admin transfer valas,fees
Biaya admin pembayaran tagihan,fees
Biaya admin pembayaran cicilan,fees
Potongan admin pembayaran pajak,fees
Biaya admin pembayaran BPJS,fees
Biaya admin pembayaran listrik,fees
Potongan admin pembayaran air,fees
Biaya admin pembayaran internet,fees
Biaya admin pembayaran telepon,fees
Potongan admin pembayaran gas,fees
Biaya admin pembayaran asuransi,fees
Biaya admin pembayaran sekolah,fees
Potongan admin pembayaran kuliah,fees
Biaya admin pembayaran sewa,fees
Biaya admin pembayaran kredit,fees
Potongan admin pembayaran pinjaman,fees
Biaya admin investasi,fees
Biaya admin reksadana,fees
Potongan admin saham,fees
Biaya admin obligasi,fees
Biaya admin deposito,fees
Potongan admin giro,fees
Biaya admin tabungan,fees
Biaya admin rekening,fees
Potongan admin kartu kredit,fees
Potongan admin e-money,fees
Biaya admin e-wallet,fees
Biaya admin dompet digital,fees
Potongan admin mobile app,fees
Biaya admin SMS banking,fees
Potongan admin USSD banking,fees
Biaya admin token,fees
Biaya admin digital signature,fees
Potongan admin e-tax,fees
Biaya admin e-invoice,fees
Biaya admin e-receipt,fees
Potongan admin e-statement,fees
Biaya admin notification,fees
Biaya admin alert,fees
Potongan admin reminder,fees
Biaya admin billing,fees
Biaya admin invoice,fees
Potongan admin subscription,fees
Biaya admin membership,fees
Biaya admin premium,fees
Potongan admin service charge,fees
Biaya admin handling,fees
Biaya admin processing,fees
Potongan admin transaction fee,fees
Biaya admin convenience fee,fees
Biaya admin surcharge,fees
Potongan admin penalty,fees
Biaya admin late fee,fees
Biaya admin overdue,fees
Potongan admin interest,fees
Biaya admin finance charge,fees
Biaya admin maintenance fee,fees
Potongan admin annual fee,fees
Biaya admin monthly fee,fees
Biaya admin quarterly fee,fees
Potongan admin yearly fee,fees
Biaya admin activation fee,fees
Biaya admin registration fee,fees
Potongan admin enrollment fee,fees
Biaya admin membership fee,fees
Biaya admin subscription fee,fees
Potongan admin service fee,fees
Biaya admin processing fee,fees
Biaya admin transaction fee,fees
Potongan admin convenience fee,fees
Biaya admin penalty,fees
Potongan admin late fee,fees
Biaya admin interest,fees
Potongan admin finance charge,fees
Biaya admin annual fee,fees
Potongan admin monthly fee,fees
Biaya admin yearly fee,fees
Potongan admin activation fee,fees
Biaya admin enrollment fee,fees
Potongan admin membership fee,fees
Biaya admin service fee,fees
Potongan admin processing fee,fees
Potongan admin surcharge,fees
Potongan admin overdue,fees
Potongan admin maintenance fee,fees
Potongan admin quarterly fee,fees
Potongan admin registration fee,fees
Potongan admin subscription fee,fees
Bayar listrik PLN,bills
Token listrik PLN,bills
Bayar Air PAM,bills
Tagihan PDAM,bills
Bayar IndiHome,bills
Bayar Biznet,bills
Pulsa Telkomsel,bills
Pulsa XL,bills
Pulsa Indosat,bills
Pulsa Tri,bills
Isi token listrik,bills
Bayar WiFi rumah,bills
Tagihan internet,bills
Bayar TV kabel,bills
Bayar BPJS,bills
Tagihan listrik bulan ini,bills
Tagihan air,bills
Bayar internet MyRepublic,bills
Langganan telepon rumah,bills
Bayar paket internet,bills
Spotify Premium,entertainment
Netflix Subscription,entertainment
Disney Plus,entertainment
Youtube Premium,entertainment
Bioskop XXI,entertainment
CGV Cinema,entertainment
Top Up Mobile Legends,entertainment
Steam Wallet,entertainment
Pembelian game Steam,entertainment
Langganan Vidio,entertainment
Spotify Family,entertainment
Apple Music,entertainment
Nonton konser,entertainment
Tiket Dufan,entertainment
Langganan Prime Video,entertainment
Rumah Sakit Hermina,healthcare
Konsultasi dokter,healthcare
Medical Checkup,healthcare
Beli Vitamin C,healthcare
Apotek Kimia Farma,healthcare
Apotek K24,healthcare
Tes darah,healthcare
Dokter Gigi,healthcare
Rumah Sakit Mitra Keluarga,healthcare
Pembelian obat,healthcare
BPJS Kesehatan,healthcare
Rapid Test,healthcare
Vaksin Influenza,healthcare
Periksa mata,healthcare
Fisioterapi,healthcare
Transfer Gaji,income
Salary Received,income
Payroll,income
Bonus Tahunan,income
Bonus Kinerja,income
THR,income
Pendapatan Freelance,income
Project Freelance,income
Komisi Penjualan,income
Transfer dari Klien,income
Pembayaran Proyek,income
Pendapatan Usaha,income
Keuntungan Penjualan,income
Bunga Tabungan,income
Cashback Shopee,income
Cashback Tokopedia,income
Refund Pembelian,income
Insentif Bulanan,income
Honor Mengajar,income
Transfer ke Teman,transfer
Transfer Antar Rekening,transfer
Top Up OVO,transfer
Top Up GoPay,transfer
Top Up DANA,transfer
Transfer Bank BCA,transfer
Transfer Bank Mandiri,transfer
Transfer Bank BNI,transfer
Transfer Sesama Rekening,transfer
Mutasi Rekening,transfer
Transfer Virtual Account,transfer
Transfer QRIS,transfer
Transfer E-Wallet,transfer
Penyesuaian Saldo,transfer
Concert ticket,entertainment
Steam Purchase,entertainment
Bought band merch,shopping
Purchased hoodie,shopping
Online shopping Shopee,shopping
Bayar listrik PLN Rp325000,bills
Token listrik PLN Rp100000,bills
Bayar Air PAM Rp85000,bills
Tagihan PDAM Rp120000,bills
Bayar IndiHome Rp375000,bills
Bayar Biznet Rp425000,bills
Pulsa Telkomsel Rp50000,bills
Pulsa XL Rp25000,bills
Pulsa Indosat Rp30000,bills
Pulsa Tri Rp20000,bills
Isi token listrik Rp50000,bills
Bayar WiFi rumah Rp350000,bills
Tagihan internet Rp280000,bills
Bayar TV kabel Rp180000,bills
Bayar BPJS Rp150000,bills
Tagihan listrik bulan ini Rp412000,bills
Tagihan air rumah Rp97000,bills
Bayar MyRepublic Rp389000,bills
Bayar paket internet Rp75000,bills
Bayar listrik kos Rp210000,bills
Spotify Premium Rp54990,entertainment
Netflix Premium Rp65000,entertainment
Disney Plus Hotstar Rp39000,entertainment
YouTube Premium Rp59000,entertainment
Nonton XXI Rp60000,entertainment
CGV Cinema Rp85000,entertainment
Top Up Mobile Legends Rp150000,entertainment
Steam Wallet Rp200000,entertainment
Pembelian game Steam Rp350000,entertainment
Langganan Vidio Platinum Rp39000,entertainment
Spotify Family Rp86990,entertainment
Apple Music Rp55000,entertainment
Tiket konser Sheila On 7 Rp510000,entertainment
Konser Dewa 19 Rp450000,entertainment
Festival We The Fest Rp950000,entertainment
Nonton konser BMTH Rp6500000,entertainment
PlayStation Store Rp275000,entertainment
Nintendo eShop Rp420000,entertainment
Valorant Points Rp150000,entertainment
Top Up Free Fire Rp100000,entertainment
Rumah Sakit Hermina Rp250000,healthcare
Konsultasi dokter umum Rp180000,healthcare
Medical Checkup Rp850000,healthcare
Beli Vitamin C Rp65000,healthcare
Apotek Kimia Farma Rp135000,healthcare
Apotek K24 Rp98000,healthcare
Tes darah laboratorium Rp450000,healthcare
Dokter Gigi Rp375000,healthcare
Rumah Sakit Mitra Keluarga Rp650000,healthcare
Pembelian obat Rp145000,healthcare
BPJS Kesehatan Rp150000,healthcare
Rapid Test Rp120000,healthcare
Vaksin Influenza Rp350000,healthcare
Periksa mata Rp220000,healthcare
Fisioterapi Rp275000,healthcare
Beli obat batuk Rp45000,healthcare
Beli antibiotik Rp89000,healthcare
Periksa ke dokter spesialis Rp425000,healthcare
Biaya rawat jalan Rp550000,healthcare
Medical check up tahunan Rp1200000,healthcare
Gaji Bulanan Rp8500000,income
Transfer Gaji Rp7800000,income
Salary Received Rp9500000,income
Payroll July Rp8200000,income
Bonus Tahunan Rp4500000,income
Bonus Kinerja Rp1500000,income
THR Lebaran Rp5000000,income
Pendapatan Freelance Rp2500000,income
Project Freelance Website Rp4500000,income
Komisi Penjualan Rp850000,income
Transfer dari Klien Rp3200000,income
Pembayaran Proyek Rp5600000,income
Pendapatan Usaha Rp4700000,income
Keuntungan Penjualan Rp980000,income
Bunga Tabungan Rp45000,income
Cashback Shopee Rp35000,income
Cashback Tokopedia Rp28000,income
Refund Pembelian Rp175000,income
Insentif Bulanan Rp900000,income
Honor Mengajar Rp1200000,income
Transfer ke Teman Rp250000,transfer
Transfer Antar Rekening Rp1000000,transfer
Top Up OVO Rp100000,topup
Top Up GoPay Rp150000,topup
Top Up DANA Rp200000,topup
Transfer Bank BCA Rp500000,transfer
Transfer Bank Mandiri Rp750000,transfer
Transfer Bank BNI Rp600000,transfer
Transfer Bank BRI Rp450000,transfer
Transfer Sesama Rekening Rp200000,transfer
Mutasi Rekening Rp0,transfer
Transfer Virtual Account Rp350000,transfer
Transfer QRIS Rp125000,transfer
Transfer E-Wallet Rp275000,transfer
Penyesuaian Saldo Rp50000,transfer
Saldo Awal Rp1000000,transfer
Koreksi Transaksi Rp25000,transfer
Transaksi Tidak Dikenal Rp50000,transfer
Transfer Internal Rp1500000,transfer
Pemindahan Dana Rp900000,transfer
Nonton konser 510 lagi Rp250000,entertainment
Nonton konser Simple Plan lagi Rp3000000,entertainment
Bayar kuliah 5000000,education
Staycation on Bali 3000000,travel
Spotify Premium 54990,entertainment
Booking hotel at Bali 1500000,travel
Langganan wifi kampus 50000,education
Beli modul 80000,education
Printing laporan 700000,education
Bayar seminar 150000,education
Bayar workshop 200000,education
Bayar kurs bahasa Inggris 300000,education
Bayar uang kuliah 4000000,education
Short course online 250000,education
Excel learning class 150000,education
Python course at Udemy 200000,education
Youtube Premium 59000,entertainment
Monthly subscription for online course 300000,education
Uang cicilan kuliah 2000000,education
Beli alat tulis 50000,education
Nonton film di bioskop XXI,entertainment
Subscription Netflix bulan ini,entertainment
Beli tiket konser musik,entertainment
Langganan Spotify Premium,entertainment
Nonton drama di Disney+,entertainment
Beli game di Steam,entertainment
Top up diamond Mobile Legends,entertainment
Langganan YouTube Premium,entertainment
Nonton pertandingan sepak bola di stadion,entertainment
Beli tiket pameran seni,entertainment
Subscription HBO GO,entertainment
Main game online di warnet,entertainment
Nonton film di CGV,entertainment
Beli merchandise anime,entertainment
Langganan Viu premium,entertainment
Top up PUBG UC,entertainment
Nonton teater musikal,entertainment
Beli album musik digital,entertainment
Langganan Amazon Prime Video,entertainment
Nonton konser virtual,entertainment
Beli tiket festival musik,entertainment
Top up Free Fire diamonds,entertainment
Langganan Apple Music,entertainment
Nonton film di KlikFilm,entertainment
Beli komik digital,entertainment
Top up game Genshin Impact,entertainment
Langganan Vidio Premier,entertainment
Nonton pertunjukan stand-up comedy,entertainment
Beli tiket museum,entertainment
Top up Honor of Kings,entertainment
Langganan WeTV,entertainment
Beli novel online,entertainment
Top up game Call of Duty,entertainment
Nonton film di Cinemaxx,entertainment
Beli tiket acara anime convention,entertainment
Subscription Apple TV+,entertainment
Top up game Valorant points,entertainment
Nonton drama di iQIYI,entertainment
Beli merchandise K-Pop,entertainment
Langganan Mola TV,entertainment
Top up game Apex Legends coins,entertainment
Nonton film di Flix,entertainment
Beli tiket pertunjukan sulap,entertainment
Langganan Qubit TV,entertainment
Top up game Arena of Valor,entertainment
Nonton film di Majestic,entertainment
Beli tiket festival kuliner,entertainment
Top up game League of Legends RP,entertainment
Langganan Catchplay,entertainment
Nonton film di Blitzmegaplex,entertainment
Top up game Ragnarok,entertainment
Beli tiket acara cosplay,entertainment
Subscription Paramount+,entertainment
Top up game Mobile Legends diamond,entertainment
Nonton film di New Star Cineplex,entertainment
Beli tiket bazaar seni,entertainment
Langganan Genflix,entertainment
Top up game Garena Free Fire,entertainment
Nonton film di Platinum Cineplex,entertainment
Beli tiket festival film,entertainment
Langganan Viki,entertainment
Top up game Undawn,entertainment
Nonton film di Movimax,entertainment
Beli tiket acara musik klasik,entertainment
Langganan MyRepublic TV,entertainment
Top up game Black Clover Mobile,entertainment
Nonton film di CGV Grand Indonesia,entertainment
Beli tiket performance art,entertainment
Subscription Peacock,entertainment
Top up game Tower of Fantasy,entertainment
Nonton film di XXI Plaza Senayan,entertainment
Beli tiket acara dance competition,entertainment
Langganan Bilibili,entertainment
Top up game Fate/Grand Order,entertainment
Nonton film di Epicentrum XXI,entertainment
Beli tiket festival budaya,entertainment
Langganan Crunchyroll,entertainment
Top up game Arknights,entertainment
Nonton film di Kuningan City XXI,entertainment
Beli tiket acara food festival,entertainment
Subscription BritBox,entertainment
Top up game Blue Archive,entertainment
Nonton film di Senayan City XXI,entertainment
Beli tiket acara fashion show,entertainment
Langganan TCL Channel,entertainment
Top up game Honkai Impact 3rd,entertainment
Nonton film di Gandaria City XXI,entertainment
Beli tiket festival komedi,entertainment
Langganan Mango TV,entertainment
Top up game Goddess of Victory Nikke,entertainment
Nonton film di Pondok Indah XXI,entertainment
Beli tiket acara photography exhibition,entertainment
Subscription Hayu,entertainment
Top up game Path to Nowhere,entertainment
Nonton film di Lippo Mall Puri XXI,entertainment
Beli tiket acara culinary demo,entertainment
Langganan VIU,entertainment
Top up game Black Desert Mobile,entertainment
Nonton film di Taman Anggrek XXI,entertainment
Beli tiket acara book fair,entertainment
Langganan GOplay,entertainment
Top up game Lineage W,entertainment
Nonton film di Kota Kasablanka XXI,entertainment
Beli tiket acara music showcase,entertainment
Subscription Lionsgate Play,entertainment
Top up game Perfect World Mobile,entertainment
Nonton film di Cilandak Town Square XXI,entertainment
Beli tiket acara theater,entertainment
Langganan Starz,entertainment
Top up game MapleStory M,entertainment
Nonton film di Green Terrace XXI,entertainment
Beli tiket acara poetry reading,entertainment
Langganan Tubi,entertainment
Top up game Ragnarok Origin,entertainment
Nonton film di La Piazza XXI,entertainment
Beli tiket acara film screening,entertainment
Subscription Stan,entertainment
Top up game Dragon Raja,entertainment
Nonton film di Pasific Place XXI,entertainment
Beli tiket acara charity concert,entertainment
Langganan Sling TV,entertainment
Top up game Albion Online,entertainment
Nonton film di Plaza Indonesia XXI,entertainment
Beli tiket acara cultural performance,entertainment
Langganan FuboTV,entertainment
Top up game Lost Ark,entertainment
Nonton film di Senayan Park XXI,entertainment
Beli tiket acara art exhibition,entertainment
Subscription Acorn TV,entertainment
Nonton film di BSD XXI,entertainment
Beli tiket acara jazz festival,entertainment
Langganan Sundance Now,entertainment
Nonton film di Alam Sutera XXI,entertainment
Beli tiket acara pop culture expo,entertainment
Langganan Hulu,entertainment
Top up game Valorant,entertainment
Nonton film di Living World XXI,entertainment
Beli tiket acara comic con,entertainment
Subscription ESPN+,entertainment
Top up game Dota 2,entertainment
Nonton film di Ciputra XXI,entertainment
Beli tiket acara music festival,entertainment
Langganan NBA TV,entertainment
Top up game PUBG Mobile,entertainment
Nonton film di Central Park XXI,entertainment
Beli tiket acara fashion week,entertainment
Langganan WWE Network,entertainment
Top up game Call of Duty Mobile,entertainment
Nonton film di Grand Indonesia XXI,entertainment
Beli tiket acara food bazaar,entertainment
Subscription MGM+,entertainment
Top up game Fortnite,entertainment
Nonton film di Mall Taman Anggrek,entertainment
Beli tiket acara cultural fest,entertainment
Langganan AMC+,entertainment
Top up game Roblox,entertainment
Nonton film di Plaza Semanggi,entertainment
Beli tiket acara indie music concert,entertainment
Langganan Discovery+,entertainment
Top up game Minecraft,entertainment
Nonton film di Senayan,entertainment
Beli tiket acara literary festival,entertainment
Top up game Free Fire,entertainment
Nonton film di Kuningan,entertainment
Beli tiket acara dance festival,entertainment
Langganan Showtime,entertainment
Top up game Apex Legends,entertainment
Nonton film di Pondok Indah,entertainment
Beli tiket acara comedy show,entertainment
Langganan Paramount+,entertainment
Top up game League of Legends,entertainment
Nonton film di Gandaria,entertainment
Beli tiket acara music awards,entertainment
Subscription Peacock Premium,entertainment
Top up game World of Warcraft,entertainment
Nonton film di Blok M,entertainment
Beli tiket acara theater performance,entertainment
Langganan Apple TV,entertainment
Top up game StarCraft II,entertainment
Nonton film di Cilandak,entertainment
Beli tiket acara film festival,entertainment
Langganan MUBI,entertainment
Top up game Warcraft Rumble,entertainment
Nonton film di Kemang,entertainment
Beli tiket acara book signing,entertainment
Subscription BroadwayHD,entertainment
Top up game Diablo Immortal,entertainment
Nonton film di SCBD,entertainment
Beli tiket acara cosplay competition,entertainment
Langganan Funimation,entertainment
Top up game Overwatch,entertainment
Nonton film di Thamrin,entertainment
Beli tiket acara art fair,entertainment
Top up game Counter-Strike,entertainment
Nonton film di Sudirman,entertainment
Beli tiket acara food truck festival,entertainment
Top up e-wallet OVO,topup
Donasi ke panti asuhan,donation
Bayar tagihan PDAM,bills
Bayar internet IndiHome,bills
Bayar PBB tahunan,bills
Bayar tagihan BPJS Kesehatan,bills
Bayar telepon rumah,bills
Bayar tagihan gas PGN,bills
Bayar iuran kebersihan,bills
Bayar tagihan BPJS TK,bills
Bayar Pajak Bumi Bangunan,bills
Bayar tagihan First Media,bills
Bayar tagihan cable TV,bills
Bayar BPJS Jaminan Pensiun,bills
Bayar PBB - Pajak Bumi Bangunan,bills
Bayar tagihan air minum,bills
Bayar iuran lingkungan,bills
Bayar pajak kendaraan STNK,bills
Bayar tagihan MyRepublic,bills
Bayar tagihan Biznet,bills
Bayar Pajak Penghasilan,bills
Bayar tagihan TELKOM,bills
Bayar iuran RT,bills
Bayar tagihan Indovision,bills
Bayar tagihan Transvision,bills
Bayar PBB P2,bills
Bayar tagihan PLN token,bills
Bayar tagihan PDAM Tirta,bills
Bayar tagihan CBN,bills
Bayar tagihan Internet,bills
Bayar Pajak Kendaraan Bermotor,bills
Bayar tagihan Kabel,bills
Bayar iuran pengamanan,bills
Bayar tagihan MNC Vision,bills
Bayar tagihan BTV,bills
Bayar PBB - Pajak Rumah,bills
Bayar tagihan air PAM,bills
Bayar tagihan listrik prabayar,bills
Bayar tagihan DANA,bills
Bayar tagihan Telkomsel,bills
Bayar Pajak Tanah,bills
Bayar tagihan gas elpiji,bills
Bayar tagihan Kanal,bills
Bayar iuran PKK,bills
Bayar tagihan BPJS,bills
Bayar tagihan KCIC,bills
Bayar PBB kota,bills
Bayar tagihan PLN,bills
Bayar tagihan IndiHome,bills
Bayar tagihan Netflix,bills
Bayar tagihan Spotify,bills
Bayar iuran bulanan,bills
Bayar tagihan kartu kredit,bills
Bayar tagihan pinjaman,bills
Bayar tagihan asuransi,bills
Bayar tagihan air,bills
Bayar tagihan gas,bills
Bayar tagihan listrik,bills
Bayar tagihan HP,bills
Bayar iuran tahunan,bills
Bayar tagihan sekolah,bills
Bayar tagihan kuliah,bills
Bayar tagihan kursus,bills
Bayar tagihan gym,bills
Bayar tagihan club membership,bills
Bayar tagihan parkir bulanan,bills
Bayar tagihan office utility,bills
Bayar tagihan servis,bills
Bayar tagihan maintenance,bills
Bayar tagihan alarm,bills
Bayar tagihan CCTV,bills
Bayar tagihan keamanan,bills
Bayar tagihan kebun,bills
Bayar tagihan kolam renang,bills
Bayar tagihan taman,bills
Bayar tagihan laundry,bills
Bayar tagihan cleaning,bills
Bayar tagihan waste management,bills
Bayar tagihan recycling,bills
Bayar tagihan solar panel,bills
Bayar tagihan battery storage,bills
Bayar tagihan electric vehicle,bills
Bayar tagihan charging station,bills
Bayar tagihan smart home,bills
Bayar tagihan IoT devices,bills
Bayar tagihan sensors,bills
Bayar tagihan automation,bills
Bayar tagihan robotics,bills
Bayar tagihan drones,bills
Bayar tagihan AI service,bills
Bayar tagihan cloud storage,bills
Bayar tagihan data center,bills
Bayar tagihan bandwidth,bills
Bayar tagihan domain,bills
Bayar tagihan hosting,bills
Bayar tagihan SSL,bills
Bayar tagihan VPN,bills
Bayar tagihan security,bills
Bayar tagihan backup,bills
Bayar tagihan recovery,bills
Bayar tagihan monitoring,bills
Bayar tagihan analytics,bills
Bayar tagihan dashboard,bills
Bayar tagihan reporting,bills
Bayar tagihan notification,bills
Bayar tagihan alert,bills
Bayar tagihan SMS,bills
Bayar tagihan email,bills
Bayar tagihan WhatsApp,bills
Bayar tagihan chat,bills
Bayar tagihan CRM,bills
Bayar tagihan ERP,bills
Bayar tagihan HRIS,bills
Bayar tagihan accounting,bills
Bayar tagihan inventory,bills
Bayar tagihan POS,bills
Bayar tagihan e-commerce,bills
Bayar tagihan marketplace,bills
Bayar tagihan payment gateway,bills
Bayar tagihan digital signature,bills
Bayar tagihan e-invoice,bills
Bayar tagihan e-tax,bills
Bayar tagihan e-KTP,bills
Bayar tagihan e-SIM,bills
Bayar tagihan e-wallet,bills
Bayar tagihan QRIS,bills
Bayar tagihan NFC,bills
Bayar tagihan blockchain,bills
Bayar tagihan crypto,bills
Bayar tagihan NFT,bills
Bayar tagihan metaverse,bills
Bayar tagihan AR/VR,bills
Bayar tagihan gaming,bills
Bayar tagihan esport,bills
Bayar tagihan streaming,bills
Bayar tagihan podcast,bills
Bayar tagihan audiobook,bills
Bayar tagihan digital library,bills
Bayar tagihan online learning,bills
Bayar tagihan webminar,bills
Bayar tagihan virtual event,bills
Bayar tagihan conference,bills
Bayar tagihan workshop,bills
Bayar tagihan training,bills
Bayar tagihan certification,bills
Bayar tagihan internship,bills
Bayar tagihan scholarship,bills
Bayar tagihan research,bills
Bayar tagihan publication,bills
Bayar tagihan journal,bills
Bayar tagihan paper,bills
Bayar tagihan thesis,bills
Bayar tagihan dissertation,bills
Bayar tagihan conference fee,bills
Bayar tagihan membership,bills
Bayar tagihan subscription,bills
Bayar tagihan license,bills
Bayar tagihan API,bills
Bayar tagihan SDK,bills
Bayar tagihan library,bills
Bayar tagihan plugin,bills
Bayar tagihan theme,bills
Bayar tagihan template,bills
Bayar tagihan design,bills
Bayar tagihan font,bills
Bayar tagihan icon,bills
Bayar tagihan image,bills
Bayar tagihan video,bills
Bayar tagihan audio,bills
Bayar tagihan animation,bills
Bayar tagihan 3D,bills
Bayar tagihan rendering,bills
Bayar tagihan editing,bills
Bayar tagihan color grading,bills
Bayar tagihan VFX,bills
Bayar tagihan CGI,bills
Bayar tagihan motion capture,bills
Bayar tagihan 3D printing,bills
Bayar tagihan laser cutting,bills
Bayar tagihan CNC,bills
Bayar tagihan ROV,bills
Bayar tagihan satellite,bills
Bayar tagihan telescope,bills
Bayar tagihan microscope,bills
Bayar tagihan spectrometer,bills
Bayar tagihan oscilloscope,bills
Bayar tagihan multimeter,bills
Bayar tagihan soldering,bills
Bayar tagihan prototyping,bills
Bayar tagihan PCB,bills
Bayar tagihan microcontroller,bills
Bayar tagihan sensor,bills
Bayar tagihan actuator,bills
Bayar tagihan motor,bills
Bayar tagihan pump,bills
Bayar tagihan valve,bills
Bayar tagihan controller,bills
Bayar tagihan inverter,bills
Bayar tagihan converter,bills
Bayar tagihan transformer,bills
Bayar tagihan generator,bills
Bayar tagihan battery,bills
Bayar tagihan solar,bills
Bayar tagihan wind,bills
Bayar tagihan hydro,bills
Bayar tagihan biomass,bills
Bayar tagihan geothermal,bills
Bayar tagihan nuclear,bills
Bayar tagihan hydrogen,bills
Bayar tagihan fuel cell,bills
Bayar tagihan electrolyzer,bills
Bayar tagihan separator,bills
Bayar tagihan membrane,bills
Bayar tagihan catalyst,bills
Bayar tagihan chemical,bills
Bayar tagihan reagent,bills
Bayar tagihan buffer,bills
Bayar tagihan solution,bills
Bayar tagihan titration,bills
Bayar tagihan pH meter,bills
Bayar tagihan conductivity meter,bills
Gaji bulanan dari perusahaan,income
Gaji lembur,income
Bonus tahunan dari kantor,income
THR Lebaran,income
Uang tunjangan transportasi,income
Uang tunjangan makan,income
Uang tunjangan komunikasi,income
Gaji ke-13,income
Bonus proyek,income
Uang jasa,income
Uang saku,income
Tunjangan hari raya,income
Gaji freelance,income
Pendapatan dari kontrak,income
Uang sewa properti,income
Dividen saham,income
Bunga deposito,income
Hasil investasi reksadana,income
Keuntungan jual tanah,income
Keuntungan jual rumah,income
Keuntungan jual mobil,income
Cuan dari bisnis sampingan,income
Komisi dari afiliasi,income
Royalti,income
Honorarium,income
Uang pensiun,income
Tunjangan hari tua,income
Cuan dari jual online,income
Pendapatan dari YouTube,income
Pendapatan dari Twitch,income
Pendapatan dari podcast,income
Pendapatan dari digital product,income
Pendapatan dari dropshipping,income
Pendapatan dari reseller,income
Pendapatan dari konsultasi,income
Pendapatan dari pelatihan,income
Pendapatan dari workshop,income
Pendapatan dari event,income
Pendapatan dari sponsorship,income
Pendapatan dari endorsement,income
Pendapatan dari iklan,income
Pendapatan dari blog,income
Pendapatan dari newsletter,income
Pendapatan dari membership,income
Pendapatan dari kursus,income
Pendapatan dari ebook,income
Pendapatan dari template,income
Pendapatan dari desain,income
Pendapatan dari foto,income
Pendapatan dari video,income
Pendapatan dari audio,income
Pendapatan dari coding,income
Pendapatan dari project management,income
Pendapatan dari QA,income
Pendapatan dari DevOps,income
Pendapatan dari data science,income
Pendapatan dari machine learning,income
Pendapatan dari AI,income
Pendapatan dari cyber security,income
Pendapatan dari network,income
Pendapatan dari database,income
Pendapatan dari cloud,income
Pendapatan dari mobile dev,income
Pendapatan dari web dev,income
Pendapatan dari game dev,income
Pendapatan dari blockchain,income
Pendapatan dari crypto,income
Pendapatan dari NFT,income
Pendapatan dari metaverse,income
Pendapatan dari AR/VR,income
Pendapatan dari 3D,income
Pendapatan dari animation,income
Pendapatan dari VFX,income
Pendapatan dari CGI,income
Pendapatan dari rendering,income
Pendapatan dari editing,income
Pendapatan dari color grading,income
Pendapatan dari production,income
Pendapatan dari film,income
Pendapatan dari music,income
Pendapatan dari voice over,income
Pendapatan dari translation,income
Pendapatan dari copywriting,income
Pendapatan dari content writing,income
Pendapatan dari social media,income
Pendapatan dari community management,income
Pendapatan dari customer service,income
Pendapatan dari sales,income
Pendapatan dari marketing,income
Pendapatan dari branding,income
Pendapatan dari PR,income
Pendapatan dari event organizer,income
Pendapatan dari wedding organizer,income
Pendapatan dari tour guide,income
Pendapatan dari travel agent,income
Pendapatan dari flight attendant,income
Pendapatan dari pilot,income
Pendapatan dari captain,income
Pendapatan dari engineer,income
Pendapatan dari scientist,income
Pendapatan dari researcher,income
Pendapatan dari lecturer,income
Pendapatan dari teacher,income
Pendapatan dari tutor,income
Pendapatan dari mentor,income
Pendapatan dari coach,income
Pendapatan dari trainer,income
Pendapatan dari consultant,income
Pendapatan dari analyst,income
Pendapatan dari accountant,income
Pendapatan dari auditor,income
Pendapatan dari lawyer,income
Pendapatan dari notary,income
Pendapatan dari doctor,income
Pendapatan dari nurse,income
Pendapatan dari pharmacist,income
Pendapatan dari dentist,income
Pendapatan dari vet,income
Pendapatan dari psychologist,income
Pendapatan dari therapist,income
Pendapatan dari social worker,income
Pendapatan dari civil servant,income
Pendapatan dari police,income
Pendapatan dari army,income
Pendapatan dari firefighter,income
Pendapatan dari paramedic,income
Pendapatan dari diver,income
Pendapatan dari geologist,income
Pendapatan dari architect,income
Pendapatan dari interior designer,income
Pendapatan dari landscape architect,income
Pendapatan dari urban planner,income
Pendapatan dari technician,income
Pendapatan dari mechanic,income
Pendapatan dari electrician,income
Pendapatan dari plumber,income
Pendapatan dari construction,income
Pendapatan dari labor,income
Pendapatan dari farmer,income
Pendapatan dari fisherman,income
Pendapatan dari rancher,income
Pendapatan dari miner,income
Pendapatan dari oil worker,income
Pendapatan dari gas worker,income
Pendapatan dari solar worker,income
Pendapatan dari wind worker,income
Pendapatan dari hydro worker,income
Pendapatan dari biomass worker,income
Pendapatan dari geothermal worker,income
Pendapatan dari nuclear worker,income
Bayar konsultasi dokter umum,healthcare
Beli obat di apotek,healthcare
Check up kesehatan tahunan,healthcare
Bayar BPJS Kesehatan,healthcare
Konsultasi gigi,healthcare
Beli vitamin dan suplemen,healthcare
Bayar rawat inap rumah sakit,healthcare
Konsultasi psikolog,healthcare
Beli obat resep dokter,healthcare
Cek golongan darah,healthcare
Vaksinasi Covid-19,healthcare
Konsultasi spesialis mata,healthcare
Beli kacamata,healthcare
Bayar fisioterapi,healthcare
Konsultasi dokter kulit,healthcare
Beli obat batuk pilek,healthcare
Cek kehamilan,healthcare
Bayar persalinan,healthcare
Beli susu bayi,healthcare
Bayar imunisasi bayi,healthcare
Konsultasi gizi,healthcare
Beli alat kesehatan,healthcare
Cek kolesterol,healthcare
Cek gula darah,healthcare
Cek tekanan darah,healthcare
Bayar dokter spesialis jantung,healthcare
Beli obat jantung,healthcare
Bayar terapi okupasi,healthcare
Konsultasi THT,healthcare
Beli obat alergi,healthcare
Cek kesehatan mental,healthcare
Bayar psikiater,healthcare
Beli obat penenang,healthcare
Konsultasi ortopedi,healthcare
Beli obat patah tulang,healthcare
Bayar operasi,healthcare
Bayar perawatan luka,healthcare
Beli perban dan plester,healthcare
Konsultasi urologi,healthcare
Beli obat ginjal,healthcare
Cek fungsi hati,healthcare
Cek fungsi paru-paru,healthcare
Konsultasi paru,healthcare
Beli obat asma,healthcare
Bayar terapi pernapasan,healthcare
Konsultasi kanker,healthcare
Beli obat kemoterapi,healthcare
Bayar MRI,healthcare
Bayar CT Scan,healthcare
Bayar USG,healthcare
Bayar EKG,healthcare
Bayar EEG,healthcare
Beli alat cek tekanan darah,healthcare
Beli alat cek gula darah,healthcare
Beli termometer,healthcare
Beli masker medis,healthcare
Beli hand sanitizer medis,healthcare
Bayar dokter hewan,healthcare
Beli obat hewan,healthcare
Vaksinasi hewan peliharaan,healthcare
Konsultasi dokter mata,healthcare
Beli lensa kontak,healthcare
Bayar periksa telinga,healthcare
Beli alat bantu dengar,healthcare
Konsultasi dokter saraf,healthcare
Beli obat saraf,healthcare
Bayar terapi saraf,healthcare
Konsultasi dokter bedah,healthcare
Bayar biaya kamar rumah sakit,healthcare
Beli obat maag,healthcare
Beli obat sakit kepala,healthcare
Beli obat demam,healthcare
Beli obat flu,healthcare
Konsultasi dokter anak,healthcare
Beli obat cacingan,healthcare
Beli obat diare,healthcare
Beli obat sembelit,healthcare
Konsultasi dokter kandungan,healthcare
Beli obat KB,healthcare
Bayar tes kehamilan,healthcare
Konsultasi infertilitas,healthcare
Beli obat penambah darah,healthcare
Beli obat osteoporosis,healthcare
Konsultasi reumatologi,healthcare
Beli obat sendi,healthcare
Bayar terapi fisik,healthcare
Beli alat pijat,healthcare
Konsultasi estetika,healthcare
Beli skincare medis,healthcare
Beli sunscreen medis,healthcare
Bayar treatment wajah medis,healthcare
Konsultasi kedokteran olahraga,healthcare
Beli obat cedera olahraga,healthcare
Bayar medical check up,healthcare
Cek kesehatan umum,healthcare
Konsultasi dokter spesialis paru,healthcare
Beli obat TBC,healthcare
Bayar perawatan paliatif,healthcare
Konsultasi geriatri,healthcare
Beli obat lansia,healthcare
Bayar perawatan lansia,healthcare
Beli alat bantu jalan,healthcare
Beli kursi roda,healthcare
Bayar perawat home care,healthcare
Konsultasi gizi anak,healthcare
Beli obat cacing,healthcare
Bayar imunisasi polio,healthcare
Bayar imunisasi hepatitis,healthcare
Bayar imunisasi DPT,healthcare
Bayar imunisasi MMR,healthcare
Beli vitamin D,healthcare
Beli vitamin B kompleks,healthcare
Beli vitamin E,healthcare
Beli suplemen kalsium,healthcare
Beli suplemen zat besi,healthcare
Beli suplemen omega 3,healthcare
Beli suplemen protein,healthcare
Konsultasi dokter kulit dan kelamin,healthcare
Beli obat jerawat,healthcare
Beli obat kadas,healthcare
Beli obat panu,healthcare
Bayar perawatan eksim,healthcare
Konsultasi mata minus,healthcare
Beli obat tetes mata,healthcare
Beli obat tetes telinga,healthcare
Konsultasi THT spesialis,healthcare
Beli obat hidung tersumbat,healthcare
Bayar periksa telinga dalam,healthcare
Konsultasi gigi anak,healthcare
Bayar cabut gigi,healthcare
Bayar tambal gigi,healthcare
Bayar behel gigi,healthcare
Bayar scaling gigi,healthcare
Bayar pemutihan gigi,healthcare
Beli obat sakit gigi,healthcare
Beli pasta gigi medis,healthcare
Konsultasi jantung,healthcare
Beli obat jantung koroner,healthcare
Bayar periksa EKG,healthcare
Bayar periksa treadmill,healthcare
Konsultasi neurologi,healthcare
Bayar periksa EEG,healthcare
Beli obat epilepsi,healthcare
Konsultasi ginjal,healthcare
Beli obat gagal ginjal,healthcare
Bayar cuci darah,healthcare
Konsultasi liver,healthcare
Beli obat hepatitis,healthcare
Konsultasi pankreas,healthcare
Beli obat diabetes,healthcare
Bayar terapi insulin,healthcare
Beli alat suntik insulin,healthcare
Konsultasi tiroid,healthcare
Beli obat tiroid,healthcare
Bayar terapi hormon,healthcare
Beli obat herbal,healthcare
Konsultasi akupunktur,healthcare
Bayar terapi bekam,healthcare
Beli obat tradisional,healthcare
Bayar pijat terapi,healthcare
Konsultasi homeopati,healthcare
Beli obat homeopati,healthcare
Bayar refleksi,healthcare
Konsultasi naturopati,healthcare
Beli obat naturopati,healthcare
Bayar terapi oksigen,healthcare
Beli tabung oksigen,healthcare
Beli nebulizer,healthcare
Beli oximeter,healthcare
Beli stetoskop,healthcare
Beli tensimeter,healthcare
Beli timbangan digital,healthcare
Beli alat tes urine,healthcare
Beli alat tes darah,healthcare
Bayar laboratorium darah,healthcare
Bayar laboratorium urine,healthcare
Bayar laboratorium feses,healthcare
Bayar rontgen,healthcare
Bayar mammogram,healthcare
Bayar pap smear,healthcare
Bayar kolonoskopi,healthcare
Bayar endoskopi,healthcare
Bayar biopsi,healthcare
Konsultasi dokter spesialis bedah plastik,healthcare
Bayar operasi plastik medis,healthcare
Beli obat luka bakar,healthcare
Bayar perawatan luka bakar,healthcare
Konsultasi dokter spesialis kelamin,healthcare
Beli obat HIV,healthcare
Konsultasi hepatitis,healthcare
Konsultasi dokter spesialis tropis,healthcare
Beli obat malaria,healthcare
Beli obat demam berdarah,healthcare
Bayar perawatan dengue,healthcare
Konsultasi zoonosis,healthcare
Beli obat rabies,healthcare
Bayar vaksin rabies,healthcare
Konsultasi alergi,healthcare
Bayar terapi alergi,healthcare
Konsultasi asma,healthcare
Bayar terapi asma,healthcare
Beli inhaler,healthcare
Bayar fisioterapi asma,healthcare
Konsultasi PPOK,healthcare
Beli obat PPOK,healthcare
Bayar terapi oksigen PPOK,healthcare
Konsultasi TB,healthcare
Beli obat TB,healthcare
Bayar perawatan TB,healthcare
Konsultasi demam tifoid,healthcare
Beli obat tifoid,healthcare
Bayar perawatan tifoid,healthcare
Konsultasi leptospirosis,healthcare
Beli obat leptospirosis,healthcare
Bayar perawatan leptospirosis,healthcare
Konsultasi antraks,healthcare
Beli obat antraks,healthcare
Bayar vaksin antraks,healthcare
Konsultasi kolera,healthcare
Beli obat kolera,healthcare
Bayar vaksin kolera,healthcare
Konsultasi hepatitis A,healthcare
Beli obat hepatitis A,healthcare
Bayar vaksin hepatitis A,healthcare
Konsultasi hepatitis B,healthcare
Beli obat hepatitis B,healthcare
Bayar vaksin hepatitis B,healthcare
Konsultasi campak,healthcare
Beli obat campak,healthcare
Bayar vaksin campak,healthcare
Konsultasi gondong,healthcare
Beli obat gondong,healthcare
Bayar vaksin gondong,healthcare
Konsultasi rubella,healthcare
Beli obat rubella,healthcare
Bayar vaksin rubella,healthcare
Konsultasi varicella,healthcare
Beli obat varicella,healthcare
Bayar vaksin varicella,healthcare
Konsultasi herpes zoster,healthcare
Beli obat herpes,healthcare
Bayar vaksin herpes,healthcare
Konsultasi HPV,healthcare
Beli obat HPV,healthcare
Bayar vaksin HPV,healthcare
Konsultasi influenza,healthcare
Beli obat influenza,healthcare
Bayar vaksin influenza,healthcare
Konsultasi pneumokokus,healthcare
Beli obat pneumokokus,healthcare
Bayar vaksin pneumokokus,healthcare
Konsultasi rotavirus,healthcare
Beli obat rotavirus,healthcare
Bayar vaksin rotavirus,healthcare
Konsultasi pertusis,healthcare
Beli obat pertusis,healthcare
Bayar vaksin pertusis,healthcare
Konsultasi difteri,healthcare
Beli obat difteri,healthcare
Bayar vaksin difteri,healthcare
Konsultasi tetanus,healthcare
Beli obat tetanus,healthcare
Bayar vaksin tetanus,healthcare
Konsultasi poliomyelitis,healthcare
Beli obat polio,healthcare
Bayar vaksin polio,healthcare
Konsultasi Japanese encephalitis,healthcare
Beli obat JE,healthcare
Bayar vaksin JE,healthcare
Konsultasi encephalitis,healthcare
Beli obat ensefalitis,healthcare
Bayar perawatan ensefalitis,healthcare
Konsultasi meningitis,healthcare
Beli obat meningitis,healthcare
Bayar perawatan meningitis,healthcare
Konsultasi sepsis,healthcare
Beli obat sepsis,healthcare
Bayar perawatan sepsis,healthcare
Konsultasi endokarditis,healthcare
Beli obat endokarditis,healthcare
Bayar perawatan endokarditis,healthcare
Konsultasi osteomielitis,healthcare
Beli obat osteomielitis,healthcare
Bayar perawatan osteomielitis,healthcare
Bayar uang kuliah semester,education
Beli buku pelajaran,education
Bayar SPP sekolah,education
Bayar les privat,education
Beli alat tulis,education
Bayar kursus bahasa Inggris,education
Bayar ujian TOEFL,education
Bayar ujian IELTS,education
Bayar pelatihan kerja,education
Beli laptop untuk sekolah,education
Bayar daftar ulang sekolah,education
Bayar seragam sekolah,education
Beli buku tulis,education
Bayar ekstrakurikuler,education
Bayar pendaftaran sekolah,education
Beli alat peraga,education
Bayar kursus coding,education
Bayar biaya magang,education
Beli buku referensi,education
Bayar jurnal akademik,education
Bayar sertifikasi profesi,education
Bayar kursus online,education
Beli headset belajar,education
Bayar printer untuk tugas,education
Beli kertas dan tinta,education
Bayar fotokopi materi,education
Bayar printing tugas,education
Bayar jilid skripsi,education
Bayar seminar akademik,education
Bayar biaya wisuda,education
Beli jas almamater,education
Bayar uang pangkal masuk,education
Bayar asrama sekolah,education
Bayar uang makan asrama,education
Bayar biaya praktikum,education
Beli kacamata baca,education
Bayar kursus matematika,education
Bayar kursus sains,education
Bayar les bimbingan belajar,education
Beli buku novel untuk tugas,education
Bayar aplikasi belajar,education
Beli tablet untuk belajar,education
Bayar internet untuk sekolah,education
Beli meja belajar,education
Beli kursi belajar,education
Beli lampu belajar,education
Bayar les vokal,education
Bayar kursus musik,education
Beli alat musik untuk sekolah,education
Bayar kursus tari,education
Bayar les olahraga,education
Beli seragam olahraga,education
Bayar biaya olimpiade,education
Bayar pendaftaran olimpiade,education
Beli soal latihan olimpiade,education
Bayar biaya penelitian,education
Beli alat lab kimia,education
Beli alat lab fisika,education
Beli alat lab biologi,education
Bayar kunjungan lapangan,education
Bayar study tour,education
Bayar biaya perpustakaan,education
Beli kartu perpustakaan,education
Bayar denda perpustakaan,education
Beli kamus,education
Beli ensiklopedia,education
Bayar kursus public speaking,education
Bayar pelatihan leadership,education
Bayar kursus desain grafis,education
Bayar kursus video editing,education
Beli buku motivasi,education
Bayar aplikasi kamus,education
Beli buku catatan,education
Beli stabilo,education
Beli pensil warna,education
Beli spidol whiteboard,education
Bayar les menulis,education
Bayar kursus jurnalistik,education
Beli buku novel,education
Bayar kursus bahasa asing,education
Bayar les bahasa Mandarin,education
Bayar les bahasa Jerman,education
Bayar les bahasa Prancis,education
Bayar les bahasa Jepang,education
Bayar les bahasa Arab,education
Bayar les bahasa Korea,education
Beli buku grammar,education
Beli buku vocabulary,education
Bayar aplikasi belajar bahasa,education
Beli buku panduan,education
Beli buku manajemen,education
Beli buku bisnis,education
Bayar kursus bisnis,education
Bayar kursus marketing,education
Bayar kursus branding,education
Beli buku investasi,education
Bayar kursus investasi,education
Beli buku keuangan,education
Bayar kursus keuangan,education
Beli buku akuntansi,education
Bayar kursus akuntansi,education
Beli buku pajak,education
Bayar kursus pajak,education
Beli buku ekonomi,education
Bayar kursus ekonomi,education
Beli buku hukum,education
Bayar kursus hukum,education
Beli buku politik,education
Bayar kursus politik,education
Beli buku sejarah,education
Bayar kursus sejarah,education
Beli buku geografi,education
Bayar kursus geografi,education
Beli buku sosiologi,education
Bayar kursus sosiologi,education
Beli buku antropologi,education
Bayar kursus antropologi,education
Beli buku psikologi,education
Bayar kursus psikologi,education
Beli buku filsafat,education
Bayar kursus filsafat,education
Beli buku sastra,education
Bayar kursus sastra,education
Beli buku seni,education
Bayar kursus seni,education
Beli buku arsitektur,education
Bayar kursus arsitektur,education
Beli buku teknik,education
Bayar kursus teknik,education
Beli buku kedokteran,education
Bayar kursus kedokteran,education
Beli buku keperawatan,education
Bayar kursus keperawatan,education
Beli buku farmasi,education
Bayar kursus farmasi,education
Beli buku kebidanan,education
Bayar kursus kebidanan,education
Beli buku komunikasi,education
Bayar kursus komunikasi,education
Beli buku public relations,education
Bayar kursus PR,education
Beli buku advertising,education
Bayar kursus advertising,education
Beli buku digital marketing,education
Bayar kursus digital marketing,education
Beli buku content marketing,education
Bayar kursus content marketing,education
Beli buku social media,education
Bayar kursus social media,education
Beli buku influencer,education
Bayar kursus influencer,education
Beli buku e-commerce,education
Bayar kursus e-commerce,education
Beli buku marketplace,education
Bayar kursus marketplace,education
Beli buku supply chain,education
Bayar kursus supply chain,education
Beli buku logistik,education
Bayar kursus logistik,education
Beli buku HRD,education
Bayar kursus HRD,education
Beli buku recruitment,education
Bayar kursus recruitment,education
Beli buku organizational,education
Bayar kursus organizational,education
Beli buku leadership,education
Bayar kursus leadership,education
Beli buku management,education
Bayar kursus management,education
Beli buku entrepreneurship,education
Bayar kursus entrepreneurship,education
Beli buku innovation,education
Bayar kursus innovation,education
Beli buku creativity,education
Bayar kursus creativity,education
Beli buku design thinking,education
Bayar kursus design thinking,education
Beli buku problem solving,education
Bayar kursus problem solving,education
Beli buku critical thinking,education
Bayar kursus critical thinking,education
Beli buku decision making,education
Bayar kursus decision making,education
Beli buku negotiation,education
Bayar kursus negotiation,education
Beli buku conflict resolution,education
Bayar kursus conflict resolution,education
Beli buku team building,education
Bayar kursus team building,education
Beli buku project management,education
Bayar kursus project management,education
Beli buku agile,education
Bayar kursus agile,education
Beli buku scrum,education
Bayar kursus scrum,education
Beli buku kanban,education
Bayar kursus kanban,education
Beli buku lean,education
Bayar kursus lean,education
Beli buku six sigma,education
Bayar kursus six sigma,education
Beli buku quality control,education
Bayar kursus quality control,education
Beli buku data analysis,education
Bayar kursus data analysis,education
Beli buku data science,education
Bayar kursus data science,education
Beli buku machine learning,education
Bayar kursus machine learning,education
Beli buku AI,education
Bayar kursus AI,education
Beli buku deep learning,education
Bayar kursus deep learning,education
Beli buku NLP,education
Bayar kursus NLP,education
Beli buku computer vision,education
Bayar kursus computer vision,education
Beli buku robotics,education
Bayar kursus robotics,education
Beli buku automation,education
Bayar kursus automation,education
Beli buku IoT,education
Bayar kursus IoT,education
Beli buku blockchain,education
Bayar kursus blockchain,education
Beli buku crypto,education
Bayar kursus crypto,education
Beli buku cybersecurity,education
Bayar kursus cybersecurity,education
Beli buku cloud computing,education
Bayar kursus cloud computing,education
Beli buku DevOps,education
Bayar kursus DevOps,education
Beli buku software engineering,education
Bayar kursus software engineering,education
Beli buku frontend,education
Bayar kursus frontend,education
Beli buku backend,education
Bayar kursus backend,education
Beli buku fullstack,education
Bayar kursus fullstack,education
Beli buku mobile dev,education
Bayar kursus mobile dev,education
Beli buku game dev,education
Bayar kursus game dev,education
Beli buku UIUX,education
Bayar kursus UIUX,education
Beli buku graphic design,education
Bayar kursus graphic design,education
Beli buku 3D,education
Bayar kursus 3D,education
Beli buku animation,education
Bayar kursus animation,education
Beli buku VFX,education
Bayar kursus VFX,education
Beli buku film making,education
Bayar kursus film making,education
Beli buku photography,education
Bayar kursus photography,education
Beli buku videography,education
Bayar kursus videography,education
Beli buku music production,education
Bayar kursus music production,education
Beli buku sound engineering,education
Bayar kursus sound engineering,education
Beli buku digital art,education
Bayar kursus digital art,education
Beli buku traditional art,education
Bayar kursus traditional art,education
Beli buku calligraphy,education
Bayar kursus calligraphy,education
Beli buku pottery,education
Bayar kursus pottery,education
Beli buku sculpture,education
Bayar kursus sculpture,education
Beli buku painting,education
Bayar kursus painting,education
Beli buku drawing,education
Bayar kursus drawing,education
Beli buku architecture design,education
Bayar kursus architecture design,education
Beli buku interior design,education
Bayar kursus interior design,education
Beli buku landscape design,education
Bayar kursus landscape design,education
Beli buku urban design,education
Bayar kursus urban design,education
Beli buku product design,education
Bayar kursus product design,education
Beli buku industrial design,education
Bayar kursus industrial design,education
Beli buku fashion design,education
Bayar kursus fashion design,education
Beli buku textile design,education
Bayar kursus textile design,education
Beli nasi goreng di abang pinggir jalan,food
Nasi Padang Sederhana,food
Makan bakso,food
Ayam Geprek Bensu,food
Warteg Bahari,food
Soto Betawi,food
Beli sate ayam,food
Mie Ayam Pakde,food
Bakmi GM,food
Kopi Kenangan,food
Janji Jiwa,food
Fore Coffee,food
Chatime,food
Mixue,food
Es Teh Indonesia,food
Haus!,food
McDonald's,food
KFC,food
Burger King,food
Pizza Hut,food
Solaria,food
HokBen,food
Yoshinoya,food
Richeese Factory,food
Domino's Pizza,food
Naik TransJakarta,transport
Bayar parkir Mall,transport
GrabBike,transport
Blue Bird,transport
Bayar PDAM,bills
Bayar WiFi,bills
Bayar Telkomsel,bills
Bayar XL,bills
Bayar Smartfren,bills
Bayar First Media,bills
Gaji bulan Juli,income
THR perusahaan,income
Fee freelance,income
Flash sale Shopee dapet diskon gede,shopping
Tokopedia checkout casing HP,shopping
Blibli order perlengkapan dapur,shopping
Lazada belanja skincare,shopping
Laptop ASUS VivoBook idaman,shopping
iPhone 15 second still good,shopping
Samsung Galaxy A55 warna ungu,shopping
Keyboard mechanical suara nyess,shopping
Mouse Logitech wireless buat kerja,shopping
Monitor LG 24 inch second,shopping
Sepatu Nike Air Max incar diskon,shopping
Baju Uniqlo oversized kekinian,shopping
Celana Levis original,shopping
Tas Eiger buat naik gunung,shopping
Sandal jepit buat ke pantai,shopping
Power bank buat darurat,shopping
Vacuum cleaner nyedot debu,shopping
Bedak online murah,shopping
Headphone Sony noise cancelling,shopping
Smartwatch Samsung baru,shopping
Keyboard wireless aesthetic,shopping
Mouse gaming RGB,shopping
Monitor curved buat gaming,shopping
Sepatu Adidas Samba,shopping
Baju H&M lagi on sale,shopping
Celana chino buat kondangan,shopping
Tas Jansport bekas tapi mulus,shopping
Dompet kulit coklat,shopping
Jam tangan Casio klasik,shopping
Blender buat juice,shopping
Parfum original murah,shopping
Tablet iPad buat gambar,shopping
Charger HP fast charging,shopping
Kabel data warna putih,shopping
Memory card 128GB,shopping
Flashdisk 64GB murah,shopping
Hardisk eksternal 1TB,shopping
Webcam buat meeting,shopping
Speaker JBL mantap suaranya,shopping
Microphone buat record,shopping
Tripod handphone,shopping
Lampu ring buat live,shopping
Jaket The North Face tipis,shopping
Kemeja Oxford putih,shopping
Hoodie polos oversized,shopping
Topi baseball hitam,shopping
Kacamata hitam ray ban,shopping
Jam Casio warna silver,shopping
Gelang silver minimalis,shopping
Cincin kayu,shopping
Skincare flash sale,shopping
Suplemen buat fit,shopping
Alat olahraga resistance band,shopping
Sepatu futsal spec,shopping
Kaos polos 3 pcs,shopping
Kaus kaki motif,shopping
Ikat pinggang kulit asli,shopping
Syal buat ke puncak,shopping
Payung lipat,shopping
Tas ransel buat traveling,shopping
Tas selempang kecil,shopping
Kotak pensil lucu,shopping
Buku tulis tebal,shopping
Pulpen gel hitam,shopping
Pensil mekanik 0.5,shopping
Penghapus putih,shopping
Penggaris busur,shopping
Kalkulator scientific,shopping
Sticky notes warna warni,shopping
Stapler mini,shopping
Cutter awet,shopping
Selotip bening,shopping
Lem fox,shopping
Amplop coklat,shopping
Map plastik,shopping
Binder warna biru,shopping
Tumbler stainless,shopping
Botol minum kaca,shopping
Kotak bekal 3 susun,shopping
Sendok garpu stainless,shopping
Piring keramik,shopping
Gelas kaca tebal,shopping
Mug polos,shopping
Panci anti lengket,shopping
Wajan penggorengan,shopping
Spatula kayu,shopping
Talenan plastik,shopping
Pisau dapur set,shopping
Saringan teh,shopping
Baskom besar,shopping
Toples kaca,shopping
Rak piring minimalis,shopping
Gantungan baju kayu,shopping
Hanger besi,shopping
Keranjang laundry anyaman,shopping
Sapu lidi,shopping
Pel dorong,shopping
Ember plastik,shopping
Keset karet,shopping
Gorden blokir cahaya,shopping
Sarung bantal motif,shopping
Sprei katun jepang,shopping
Pemeriksaan dokter umum,healthcare
Biaya rawat inap rumah sakit,healthcare
Tes darah lengkap,healthcare
Konsultasi dokter spesialis,healthcare
Vaksinasi COVID-19 booster,healthcare
Periksa ke dokter gigi,healthcare
Cabut gigi geraham,healthcare
Tambal gigi berlubang,healthcare
Pembersihan karang gigi,healthcare
Periksa mata minus,healthcare
Beli kacamata minus,healthcare
Tes gula darah puasa,healthcare
Cek asam urat,healthcare
EKG jantung,healthcare
USG perut,healthcare
Rontgen dada,healthcare
MRI otak,healthcare
CT scan,healthcare
Terapi fisik pasca cedera,healthcare
Pijat terapi,healthcare
Akupunktur,healthcare
Perawatan luka,healthcare
Bekam,healthcare
Cek Hb,healthcare
Cek trombosit,healthcare
Tes kehamilan,healthcare
USG kandungan,healthcare
Periksa kandungan,healthcare
Vaksin hepatitis B,healthcare
Vaksin DPT,healthcare
Imunisasi anak,healthcare
Vaksin flu,healthcare
Beli suplemen zinc,healthcare
Beli obat batuk,healthcare
Beli salep kulit,healthcare
Beli plester,healthcare
Beli perban,healthcare
Beli kasa steril,healthcare
Beli alkohol 70%,healthcare
Beli handsanitizer,healthcare
Beli termometer digital,healthcare
Beli strip tes gula,healthcare
Beli jamu tradisional,healthcare
Konsultasi online dokter,healthcare
Telemedicine dengan dokter,healthcare
Chat dokter di aplikasi,healthcare
Periksa ke psikolog,healthcare
Terapi mental health,healthcare
Konsultasi psikiater,healthcare
Cek kesehatan karyawan,healthcare
Medical check up tahunan,healthcare
Pemeriksaan pranikah,healthcare
Tes HIV,healthcare
Tes VDRL,healthcare
Tes tuberkulosis,healthcare
Tes malaria,healthcare
Tes demam berdarah,healthcare
Tes tipes,healthcare
Tes liver,healthcare
Tes fungsi ginjal,healthcare
Tes urine lengkap,healthcare
Tes feses,healthcare
Tes alergi,healthcare
Tes DNA,healthcare
Beli antibiotik,healthcare
Beli obat penurun panas,healthcare
Beli obat nyeri sendi,healthcare
Beli obat otot,healthcare
Beli koyo,healthcare
Beli minyak angin,healthcare
Beli balsem,healthcare
Beli inhaler asma,healthcare
Cek KB di bidan,healthcare
Pasang IUD,healthcare
Konsultasi KB,healthcare
Cek kehamilan testpack,healthcare
Vaksin HPV,healthcare
Vaksin pneumonia,healthcare
Vaksin rotavirus,healthcare
Vaksin MR,healthcare
Vaksin polio,healthcare
Donor darah,healthcare
Transfusi darah,healthcare
Periksa prostat,healthcare
Periksa payudara,healthcare
Mammografi,healthcare
Pap smear,healthcare
Periksa reproduksi,healthcare
Konsultasi menyusui,healthcare
Konsultasi MPASI,healthcare
Terapi okupasi,healthcare
Terapi wicara,healthcare
Periksa pendengaran,healthcare
Tes audiometri,healthcare
Periksa telinga,healthcare
Periksa hidung,healthcare
Periksa tenggorokan,healthcare
Endoskopi,healthcare
Kolonskopi,healthcare
Bronkoskopi,healthcare
Beli susu khusus kesehatan,healthcare
Beli makanan kesehatan,healthcare
Beli madu,healthcare
Beli propolis,healthcare
Beli echinacea,healthcare
Beli minyak ikan,healthcare
Beli kalsium,healthcare
Beli zat besi,healthcare
Beli magnesium,healthcare
Beli probiotics,healthcare
Beli kolagen,healthcare
Beli serum wajah,healthcare
Beli tabir surya,healthcare
Beli pelembab kulit,healthcare
Konsultasi dermatologi,healthcare
Periksa jerawat,healthcare
Perawatan jerawat,healthcare
Facial medis,healthcare
Perawatan kulit laser,healthcare
Periksa ketombe,healthcare
Perawatan rambut rontok,healthcare
Cek kadar hormon,healthcare
Tes tiroid,healthcare
Tes insulin,healthcare
Cek vitamin D,healthcare
Cek vitamin B12,healthcare
Cek kadar ferritin,healthcare
Langganan Skillshare,education
Langganan MasterClass,education
Langganan RuangGuru,education
Langganan Zenius,education
Bayar kelas bahasa di Cakap,education
Bayar kelas bahasa di Duolingo Super,education
Bayar ielts simulator,education
Bayar toefl prediction test,education
Beli e-book pendidikan,education
Beli jurnal akademik,education
Bayar akses jurnal online,education
Bayar fotokopi materi kuliah,education
Bayar print tugas,education
Bayar print skripsi,education
Bayar jilid tesis,education
Bayar toga wisuda,education
Bayar biaya praktikum kimia,education
Bayar biaya praktikum fisika,education
Bayar biaya praktikum biologi,education
Bayar biaya praktikum anatomi,education
Bayar biaya praktikum komputer,education
Bayar biaya praktikum akuntansi,education
Bayar software edukasi,education
Bayar aplikasi belajar anak,education
Bayar game edukasi,education
Bayar kursus memasak online,education
Bayar kursus desain interior,education
Bayar kursus fotografi,education
Bayar kursus videografi,education
Bayar kursus editing video,education
Bayar kursus animasi,education
Bayar kursus 3D modeling,education
Bayar kursus teknik sipil,education
Bayar kursus mekanik,education
Bayar kursus elektronika,education
Bayar kursus robotika,education
Bayar bimbingan karir,education
Bayar konsultasi studi lanjut,education
Bayar konsultasi beasiswa,education
Bayar jasa pembuatan essay,education
Bayar jasa proofreading,education
Bayar jasa penerjemahan jurnal,education
Bayar biaya transfer kredit,education
Bayar biaya ujian TOEFL ITP,education
Bayar biaya ujian IELTS,education
Bayar biaya ujian GRE,education
Bayar biaya ujian GMAT,education
Bayar biaya aplikasi universitas,education
Bayar biaya pengiriman transkrip,education
Bayar biaya legalisir ijazah,education
Bayar biaya ijazah,education
Bayar biaya sertifikat,education
Bayar biaya rapor,education
Bayar biaya KMS,education
Bayar biaya PPDB online,education
Bayar biaya pendaftaran lomba,education
Bayar biaya lomba debat,education
UKT semester ganjil lunas,education
SPP bulan ini sudah ditransfer,education
Daftar kursus bahasa Inggris online,education
Ambil kelas di Udemy,education
Subscribe Coursera bulanan,education
Daftar ulang semester depan,education
Uang gedung kampus dibayar,education
Uang praktikum lab komputer,education
SPD anak SD sudah dibayar,education
SPP anak SMP minggu lalu,education
SPP anak SMA bulan Oktober,education
Ikut bootcamp data science,education
Beli kelas Python di Udemy,education
Ambil course JavaScript,education
Enroll course UI/UX design,education
Ambil course digital marketing,education
Course Excel advanced,education
Course SQL dasar,education
Course machine learning,education
Course AI untuk pemula,education
Coursera for business langganan,education
Sertifikasi online diambil,education
Tes TOEFL prediction,education
Sertifikat IELTS resmi,education
Ujian kompetensi BNSP,education
Ujian praktik hari ini,education
Sidang skripsi sudah lewat,education
Buku pegangan kuliah semester ini,education
Diktat mata kuliah,education
Buku pelajaran anak SD,education
Buku novel bahasa Inggris,education
Kamus inggris-indonesia,education
Modul kursus digital marketing,education
Alat tulis kuliah lengkap,education
Les privat matematika setiap Sabtu,education
Les privat fisika untuk UTBK,education
Les privat kimia online,education
Les privat bahasa Inggris conversation,education
Les privat mandarin,education
Les privat Jepang,education
Les privat Korea,education
Bimbel masuk UI,education
Bimbel persiapan UTBK,education
Bimbel STAN intensif,education
Tryout online minggu lalu,education
Paket tryout UTBK,education
Tryout CPNS,education
Bimbel CPNS online,education
Bimbel kedinasan,education
Biaya pendaftaran sekolah,education
Uang pangkal SMA,education
Biaya asrama per bulan,education
Biaya makan di asrama,education
Seragam sekolah baru,education
Ekskul futsal,education
Study tour ke Jogja,education
Karyawisata ke Bali,education
Praktik kerja lapangan,education
Program magang,education
PKL di perusahaan,education
Ujian tesis,education
Bimbingan tesis,education
Publikasi jurnal internasional,education
Biaya seminar nasional,education
Workshop digital marketing,education
Pelatihan online PPNPN,education
Webinar bersertifikat,education
Membership platform belajar,education
Skillshare langganan,education
MasterClass subscribe,education
RuangGuru premium,education
Zenius membership,education
Kelas bahasa Cakap,education
Duolingo Super,education
IELTS simulator,education
TOEFL prediction test,education
E-book pendidikan,education
Jurnal akademik,education
Akses jurnal online,education
Perpustakaan kampus,education
Fotokopi materi kuliah,education
Print tugas,education
Print skripsi,education
Jilid skripsi di tukang,education
Wisuda bulan depan,education
Toga wisuda,education
Praktikum kimia,education
Praktikum fisika,education
Praktikum biologi,education
Praktikum anatomi,education
Praktikum komputer,education
Praktikum akuntansi,education
Software edukasi,education
Aplikasi belajar anak,education
Game edukasi,education
Kursus memasak online,education
Kursus desain interior,education
Kursus fotografi,education
Kursus videografi,education
Kursus editing video,education
Kursus animasi,education
Kursus 3D modeling,education
Kursus arsitektur,education
Kursus teknik sipil,education
Kursus mekanik,education
Kursus elektronika,education
Kursus robotika,education
Bimbingan karir,education
Konsultasi studi lanjut,education
Konsultasi beasiswa luar negeri,education
Jasa pembuatan essay,education
Proofreading skripsi,education
Jasa penerjemahan jurnal,education
Transfer kredit antarkampus,education
TOEFL ITP,education
IELTS Academic,education
GRE test,education
GMAT test,education
Aplikasi universitas luar,education
Pengiriman transkrip,education
Legalisir ijazah,education
Ijazah keluar,education
Sertifikat kursus,education
Rapor semester ini,education
KMS online,education
PPDB online,education
Pendaftaran lomba,education
Olimpiade sains,education
Lomba debat bahasa Inggris,education
Les menggambar,education
Les musik piano,education
Kursus menari,education
Kursus public speaking,education
Sertifikasi SAP,education
Sertifikasi Cisco,education
Sertifikasi Microsoft,education
Sertifikasi Google,education
Sertifikasi AWS,education
Bootcamp fullstack,education
Kursus cyber security,education
Kursus ethical hacking,education
Pelatihan manajemen,education
Pelatihan leadership,education
Workshop public speaking,education
Seminar motivasi,education
Konsultasi skripsi,education
Konsultasi tesis,education
Bimbingan akademik,education
Les akademik,education
Bayar PDAM bulan ini,bills
Bayar air PAM rumah,bills
Tagihan air bulan Oktober,bills
Bayar listrik pascabayar,bills
Tagihan listrik rumah,bills
Bayar Biznet bulanan,bills
Bayar MyRepublic,bills
Bayar First Media TV,bills
Bayar Telkomsel pascabayar,bills
Bayar XL Prioritas,bills
Tagihan PDAM jatuh tempo,bills
Listrik PLN sudah dibayar,bills
Internet Biznet lunas,bills
Telkomsel isi ulang,bills
IndiHome bundling TV,bills
Air PAM tagihan ini,bills
Bayar token listrik,bills
PDAM rekening air,bills
WiFi First Media,bills
MyRepublik bayar via OVO,bills
Internet rumah MyRepublic,bills
Tagihan air dua bulan,bills
PDAM saluran air,bills
Bayar listrik 1300 watt,bills
Tagihan internet IndiHome,bills
Telkomsel Halo,bills
XL bayar tagihan,bills
Tri bayar paket data,bills
Smartfren bayar,bills
Biznet bayar via QR,bills
First Media jatuh tempo,bills
MyRepublic promo,bills
PDAM rekening air minum,bills
Listrik PLN 900 watt,bills
IndiHome bayar via mobile,bills
Air PAM rekening,bills
Telkomsel bayar paket,bills
WiFi Biznet cepat,bills
Internet rumah bayar,bills
Bayar listrik online,bills
Tagihan PDAM lunas,bills
Air minum PAM,bills
Listrik bulan ini,bills
IndiHome tv kabel,bills
First Media internet,bills
Bakso Pak Kumis legend,food
Bakso Pak Darto urat,food
Bakso Pak Slamet mercon,food
Bakso Malang asli,food
Bakso Solo halus,food
Bakso beranak isi telur,food
Bakso urat sapi,food
Makan bakso sore ini,food
Bakso mercon pedas,food
Bakso Pak Kumis komplit,food
Bakso Pak Darto kuah bening,food
Bakso Pak Slamet extra pedas,food
Bakso Malang pake mie kuning,food
Bakso Solo pake sambal,food
Bakso beranak kesukaan,food
Bakso urat kenyal,food
Makan bakso di pinggir jalan,food
Bakso mercon level 3,food
Bakso Pak Kumis porsi jumbo,food
Bakso Pak Darto pake sawi,food
Bakso Pak Slamet rame,food
Bakso Malang pake tahu,food
Bakso Solo pake gorengan,food
Bakso beranak isi ayam,food
Bakso urat sapi asli,food
Makan bakso sama teman,food
Bakso mercon bikin keringat,food
Bakso Pak Kumis jam 7 malam,food
Bakso Pak Darto favorit,food
Bakso Pak Slamet dekat kantor,food
Laptop ASUS VivoBook,shopping
Laptop Lenovo Thinkpad,shopping
Laptop Acer Swift,shopping
Laptop HP Pavilion,shopping
Laptop MSI gaming,shopping
Beli keyboard mechanical,shopping
Mouse Logitech wireless,shopping
Monitor LG 24 inch,shopping
SSD Samsung 1TB,shopping
RAM Kingston 16GB,shopping
Printer Epson L3210,shopping
Webcam logitech,shopping
Laptop ASUS TUF gaming,shopping
Lenovo Ideapad slim,shopping
Acer Aspire i5,shopping
HP Envy x360,shopping
MSI Katana,shopping
Keyboard mechanical RGB,shopping
Mouse Logitech G304,shopping
Monitor LG UltraWide,shopping
Samsung SSD 970,shopping
RAM Kingston Fury,shopping
Epson printer,shopping
Webcam 1080p,shopping
Laptop ASUS Zenbook,shopping
Lenovo Legion gaming,shopping
Acer Nitro,shopping
HP Spectre x360,shopping
MSI Prestige,shopping
Beli keyboard wireless,shopping
Mouse Logitech silent,shopping
Monitor LG 4K,shopping
Samsung SSD external,shopping
RAM DDR5,shopping
Printer Epson ink tank,shopping
Webcam ring light,shopping
Laptop Asus ROG,shopping
Lenovo Yoga,shopping
Acer Predator,shopping
HP Omen,shopping
MSI Vector,shopping
Keyboard gaming,shopping
Mouse gaming wireless,shopping
Monitor curved,shopping
SSD NVMe,shopping
RAM 32GB,shopping
Printer wireless,shopping
Webcam 4K,shopping
Laptop Asus untuk kerja,shopping
Lenovo untuk coding,shopping
Bayar cicilan motor bulan ini,loan
Bayar cicilan mobil Avanza,loan
Cicilan rumah bulan Oktober,loan
Angsuran motor Honda,loan
Angsuran mobil,loan
Bayar kredit motor,loan
Bayar kredit mobil,loan
Bayar pinjaman modal usaha,loan
Bayar KPR rumah,loan
Bayar cicilan Kredivo,loan
Bayar SPayLater,loan
Bayar Akulaku,loan
Bayar Home Credit,loan
Cicilan motor sudah lunas,loan
Angsuran mobil tinggal 3 kali,loan
KPR rumah jatuh tempo,loan
Pinjaman online bayar,loan
Cicilan HP di Home Credit,loan
Bayar cicilan laptop,loan
Angsuran motor beat,loan
Cicilan mobil xenia,loan
KPR BTN,loan
Bayar pinjaman BCA,loan
Cicilan Kredivo bulan lalu,loan
SPayLater lunas,loan
Akulaku bayar tagihan,loan
Home Credit cicilan TV,loan
Motor angsuran minggu ini,loan
Mobil kredit sudah setahun,loan
Cicilan rumah subsidi,loan
Pinjaman modal toko,loan
KPR bank mandiri,loan
Cicilan sepeda motor,loan
Bayar angsuran leasing,loan
Cicilan mobil bekas,loan
Kredit motor baru,loan
Pinjaman tunai,loan
Cicilan gadai BPKB,loan
Bayar kredit elektronik,loan
Angsuran motor matic,loan
Cicilan KPR sudah jalan,loan
Kredivo tagihan bulan ini,loan
SPayLater bayar,loan
Akulaku bayar cicilan,loan
Home Credit motor,loan
Cicilan motor 2 tahun,loan
Mobil angsuran 5 tahun,loan
KPR rumah type 45,loan
Pinjaman usaha warung,loan
Beli sepatu Nike,shopping
Bayar listrik bulanan,bills
Bayar tagihan internet,bills
Bayar uang kuliah,education
Beli nasi goreng,food
Pesan ayam geprek,food
Beli sepatu online,shopping
Beli laptop baru,shopping
Top up GoPay,topup
Isi saldo DANA,topup
Naik Grab ke kampus,transport
Bayar tiket kereta,transport
Pesan hotel untuk liburan,travel
Beli tiket pesawat untuk liburan,travel
Donasi untuk panti asuhan,donation
Nonton bioskop akhir pekan,entertainment
Beli tiket konser,entertainment
Bayar biaya administrasi bank,fees
Bayar biaya transfer bank,fees
Bayar cicilan motor,loan
Bayar pinjaman online,loan
Beli reksa dana,investment
Beli saham perusahaan,investment
Gaji bulan Agustus,income
Terima uang dari pekerjaan,income
Bayar obat di apotek,healthcare
Biaya konsultasi dokter,healthcare
Transfer uang ke teman,transfer
Kirim uang ke rekening orang tua,transfer
Bayar uang sekolah adik,education
Beli kopi di kedai,food
Bayar parkir kampus,transport
Beli kopi starling,food
Bayar biaya kuliah semester 5,education
Kirim uang ke ibu,transfer
Bayar premi asuransi prudentian,healthcare
konser itzy,entertainment
nonton 510 di jakarta,entertainment
nonton itzy di jakarta,entertainment
Bayar tiket bus ke Bandung,travel
Bayar listrik rumah,bills
Bayar ongkos ojek online ke kampus,transport
Bayar biaya pemeriksaan di rumah sakit,healthcare
Donasi untuk korban bencana,donation
Beli reksa dana untuk investasi,investment
Beli gulali dan cenil,food
Beli merch 510,shopping
Beli merch extrememerch,shopping
beli kipas angin,shopping
laundry baju,bills
reparasi ac,bills
beli kamera,shopping
beli tv,shopping
beli ikan hias dan akuarium,shopping
beli setrika dan kulkas,shopping
beli album origin 510,shopping
beli album BMTH nexgen,shopping
beli album spiritual 510,shopping
beli kado ultah,shopping
